Page Type,Page Title,File Name,Updated URL,Indexing
Error,Page Not Found | Lucknow Women Wellness,404.html,,"noindex,follow"
Area+Service,"Back Comfort Massage in Adil Nagar, Lucknow",area-services/adil-nagar-back-pain-relief-massage.html,https://lucknow-massage-spa.github.io/near-me/area-services/adil-nagar-back-pain-relief-massage.html,"noindex,follow"
Area+Service,"Full Body Relaxation Massage in Adil Nagar, Lucknow",area-services/adil-nagar-full-body-relaxation-massage.html,https://lucknow-massage-spa.github.io/near-me/area-services/adil-nagar-full-body-relaxation-massage.html,"noindex,follow"
Area+Service,"Period Comfort Massage in Adil Nagar, Lucknow",area-services/adil-nagar-period-pain-relief-massage.html,https://lucknow-massage-spa.github.io/near-me/area-services/adil-nagar-period-pain-relief-massage.html,"noindex,follow"
Area+Service,"Back Comfort Massage in Alambagh, Lucknow",area-services/alambagh-back-pain-relief-massage.html,https://lucknow-massage-spa.github.io/near-me/area-services/alambagh-back-pain-relief-massage.html,"noindex,follow"
Area+Service,"Full Body Relaxation Massage in Alambagh, Lucknow",area-services/alambagh-full-body-relaxation-massage.html,https://lucknow-massage-spa.github.io/near-me/area-services/alambagh-full-body-relaxation-massage.html,"noindex,follow"
Area+Service,"Period Comfort Massage in Alambagh, Lucknow",area-services/alambagh-period-pain-relief-massage.html,https://lucknow-massage-spa.github.io/near-me/area-services/alambagh-period-pain-relief-massage.html,"noindex,follow"
Area+Service,"Back Comfort Massage in Alamnagar, Lucknow",area-services/alamnagar-back-pain-relief-massage.html,https://lucknow-massage-spa.github.io/near-me/area-services/alamnagar-back-pain-relief-massage.html,"noindex,follow"
Area+Service,"Full Body Relaxation Massage in Alamnagar, Lucknow",area-services/alamnagar-full-body-relaxation-massage.html,https://lucknow-massage-spa.github.io/near-me/area-services/alamnagar-full-body-relaxation-massage.html,"noindex,follow"
Area+Service,"Period Comfort Massage in Alamnagar, Lucknow",area-services/alamnagar-period-pain-relief-massage.html,https://lucknow-massage-spa.github.io/near-me/area-services/alamnagar-period-pain-relief-massage.html,"noindex,follow"
Area+Service,"Back Comfort Massage in Aliganj, Lucknow",area-services/aliganj-back-pain-relief-massage.html,https://lucknow-massage-spa.github.io/near-me/area-services/aliganj-back-pain-relief-massage.html,"noindex,follow"
Area+Service,"Full Body Relaxation Massage in Aliganj, Lucknow",area-services/aliganj-full-body-relaxation-massage.html,https://lucknow-massage-spa.github.io/near-me/area-services/aliganj-full-body-relaxation-massage.html,"noindex,follow"
Area+Service,"Period Comfort Massage in Aliganj, Lucknow",area-services/aliganj-period-pain-relief-massage.html,https://lucknow-massage-spa.github.io/near-me/area-services/aliganj-period-pain-relief-massage.html,"noindex,follow"
Area+Service,"Back Comfort Massage in Amar Shaheed Path, Lucknow",area-services/amar-shaheed-path-back-pain-relief-massage.html,https://lucknow-massage-spa.github.io/near-me/area-services/amar-shaheed-path-back-pain-relief-massage.html,"noindex,follow"
Area+Service,"Full Body Relaxation Massage in Amar Shaheed Path, Lucknow",area-services/amar-shaheed-path-full-body-relaxation-massage.html,https://lucknow-massage-spa.github.io/near-me/area-services/amar-shaheed-path-full-body-relaxation-massage.html,"noindex,follow"
Area+Service,"Period Comfort Massage in Amar Shaheed Path, Lucknow",area-services/amar-shaheed-path-period-pain-relief-massage.html,https://lucknow-massage-spa.github.io/near-me/area-services/amar-shaheed-path-period-pain-relief-massage.html,"noindex,follow"
Area+Service,"Back Comfort Massage in Amausi, Lucknow",area-services/amausi-back-pain-relief-massage.html,https://lucknow-massage-spa.github.io/near-me/area-services/amausi-back-pain-relief-massage.html,"noindex,follow"
Area+Service,"Full Body Relaxation Massage in Amausi, Lucknow",area-services/amausi-full-body-relaxation-massage.html,https://lucknow-massage-spa.github.io/near-me/area-services/amausi-full-body-relaxation-massage.html,"noindex,follow"
Area+Service,"Period Comfort Massage in Amausi, Lucknow",area-services/amausi-period-pain-relief-massage.html,https://lucknow-massage-spa.github.io/near-me/area-services/amausi-period-pain-relief-massage.html,"noindex,follow"
Area+Service,"Back Comfort Massage in Aminabad, Lucknow",area-services/aminabad-back-pain-relief-massage.html,https://lucknow-massage-spa.github.io/near-me/area-services/aminabad-back-pain-relief-massage.html,"noindex,follow"
Area+Service,"Full Body Relaxation Massage in Aminabad, Lucknow",area-services/aminabad-full-body-relaxation-massage.html,https://lucknow-massage-spa.github.io/near-me/area-services/aminabad-full-body-relaxation-massage.html,"noindex,follow"
Area+Service,"Period Comfort Massage in Aminabad, Lucknow",area-services/aminabad-period-pain-relief-massage.html,https://lucknow-massage-spa.github.io/near-me/area-services/aminabad-period-pain-relief-massage.html,"noindex,follow"
Area+Service,"Back Comfort Massage in Arjunganj, Lucknow",area-services/arjunganj-back-pain-relief-massage.html,https://lucknow-massage-spa.github.io/near-me/area-services/arjunganj-back-pain-relief-massage.html,"noindex,follow"
Area+Service,"Full Body Relaxation Massage in Arjunganj, Lucknow",area-services/arjunganj-full-body-relaxation-massage.html,https://lucknow-massage-spa.github.io/near-me/area-services/arjunganj-full-body-relaxation-massage.html,"noindex,follow"
Area+Service,"Period Comfort Massage in Arjunganj, Lucknow",area-services/arjunganj-period-pain-relief-massage.html,https://lucknow-massage-spa.github.io/near-me/area-services/arjunganj-period-pain-relief-massage.html,"noindex,follow"
Area+Service,"Back Comfort Massage in Ashiyana, Lucknow",area-services/ashiyana-back-pain-relief-massage.html,https://lucknow-massage-spa.github.io/near-me/area-services/ashiyana-back-pain-relief-massage.html,"noindex,follow"
Area+Service,"Back Comfort Massage in Ashiyana Colony, Lucknow",area-services/ashiyana-colony-back-pain-relief-massage.html,https://lucknow-massage-spa.github.io/near-me/area-services/ashiyana-colony-back-pain-relief-massage.html,"noindex,follow"
Area+Service,"Full Body Relaxation Massage in Ashiyana Colony, Lucknow",area-services/ashiyana-colony-full-body-relaxation-massage.html,https://lucknow-massage-spa.github.io/near-me/area-services/ashiyana-colony-full-body-relaxation-massage.html,"noindex,follow"
Area+Service,"Period Comfort Massage in Ashiyana Colony, Lucknow",area-services/ashiyana-colony-period-pain-relief-massage.html,https://lucknow-massage-spa.github.io/near-me/area-services/ashiyana-colony-period-pain-relief-massage.html,"noindex,follow"
Area+Service,"Full Body Relaxation Massage in Ashiyana, Lucknow",area-services/ashiyana-full-body-relaxation-massage.html,https://lucknow-massage-spa.github.io/near-me/area-services/ashiyana-full-body-relaxation-massage.html,"noindex,follow"
Area+Service,"Period Comfort Massage in Ashiyana, Lucknow",area-services/ashiyana-period-pain-relief-massage.html,https://lucknow-massage-spa.github.io/near-me/area-services/ashiyana-period-pain-relief-massage.html,"noindex,follow"
Area+Service,"Back Comfort Massage in Bakshi Ka Talab, Lucknow",area-services/bakshi-ka-talab-back-pain-relief-massage.html,https://lucknow-massage-spa.github.io/near-me/area-services/bakshi-ka-talab-back-pain-relief-massage.html,"noindex,follow"
Area+Service,"Full Body Relaxation Massage in Bakshi Ka Talab, Lucknow",area-services/bakshi-ka-talab-full-body-relaxation-massage.html,https://lucknow-massage-spa.github.io/near-me/area-services/bakshi-ka-talab-full-body-relaxation-massage.html,"noindex,follow"
Area+Service,"Period Comfort Massage in Bakshi Ka Talab, Lucknow",area-services/bakshi-ka-talab-period-pain-relief-massage.html,https://lucknow-massage-spa.github.io/near-me/area-services/bakshi-ka-talab-period-pain-relief-massage.html,"noindex,follow"
Area+Service,"Back Comfort Massage in Balaganj, Lucknow",area-services/balaganj-back-pain-relief-massage.html,https://lucknow-massage-spa.github.io/near-me/area-services/balaganj-back-pain-relief-massage.html,"noindex,follow"
Area+Service,"Full Body Relaxation Massage in Balaganj, Lucknow",area-services/balaganj-full-body-relaxation-massage.html,https://lucknow-massage-spa.github.io/near-me/area-services/balaganj-full-body-relaxation-massage.html,"noindex,follow"
Area+Service,"Period Comfort Massage in Balaganj, Lucknow",area-services/balaganj-period-pain-relief-massage.html,https://lucknow-massage-spa.github.io/near-me/area-services/balaganj-period-pain-relief-massage.html,"noindex,follow"
Area+Service,"Back Comfort Massage in Bangla Bazar, Lucknow",area-services/bangla-bazar-back-pain-relief-massage.html,https://lucknow-massage-spa.github.io/near-me/area-services/bangla-bazar-back-pain-relief-massage.html,"noindex,follow"
Area+Service,"Full Body Relaxation Massage in Bangla Bazar, Lucknow",area-services/bangla-bazar-full-body-relaxation-massage.html,https://lucknow-massage-spa.github.io/near-me/area-services/bangla-bazar-full-body-relaxation-massage.html,"noindex,follow"
Area+Service,"Period Comfort Massage in Bangla Bazar, Lucknow",area-services/bangla-bazar-period-pain-relief-massage.html,https://lucknow-massage-spa.github.io/near-me/area-services/bangla-bazar-period-pain-relief-massage.html,"noindex,follow"
Area+Service,"Back Comfort Massage in Bijnor, Lucknow",area-services/bijnor-back-pain-relief-massage.html,https://lucknow-massage-spa.github.io/near-me/area-services/bijnor-back-pain-relief-massage.html,"noindex,follow"
Area+Service,"Full Body Relaxation Massage in Bijnor, Lucknow",area-services/bijnor-full-body-relaxation-massage.html,https://lucknow-massage-spa.github.io/near-me/area-services/bijnor-full-body-relaxation-massage.html,"noindex,follow"
Area+Service,"Period Comfort Massage in Bijnor, Lucknow",area-services/bijnor-period-pain-relief-massage.html,https://lucknow-massage-spa.github.io/near-me/area-services/bijnor-period-pain-relief-massage.html,"noindex,follow"
Area+Service,"Back Comfort Massage in Butler Colony, Lucknow",area-services/butler-colony-back-pain-relief-massage.html,https://lucknow-massage-spa.github.io/near-me/area-services/butler-colony-back-pain-relief-massage.html,"noindex,follow"
Area+Service,"Full Body Relaxation Massage in Butler Colony, Lucknow",area-services/butler-colony-full-body-relaxation-massage.html,https://lucknow-massage-spa.github.io/near-me/area-services/butler-colony-full-body-relaxation-massage.html,"noindex,follow"
Area+Service,"Period Comfort Massage in Butler Colony, Lucknow",area-services/butler-colony-period-pain-relief-massage.html,https://lucknow-massage-spa.github.io/near-me/area-services/butler-colony-period-pain-relief-massage.html,"noindex,follow"
Area+Service,"Back Comfort Massage in Cantonment, Lucknow",area-services/cantonment-back-pain-relief-massage.html,https://lucknow-massage-spa.github.io/near-me/area-services/cantonment-back-pain-relief-massage.html,"noindex,follow"
Area+Service,"Full Body Relaxation Massage in Cantonment, Lucknow",area-services/cantonment-full-body-relaxation-massage.html,https://lucknow-massage-spa.github.io/near-me/area-services/cantonment-full-body-relaxation-massage.html,"noindex,follow"
Area+Service,"Period Comfort Massage in Cantonment, Lucknow",area-services/cantonment-period-pain-relief-massage.html,https://lucknow-massage-spa.github.io/near-me/area-services/cantonment-period-pain-relief-massage.html,"noindex,follow"
Area+Service,"Back Comfort Massage in Chandganj, Lucknow",area-services/chandganj-back-pain-relief-massage.html,https://lucknow-massage-spa.github.io/near-me/area-services/chandganj-back-pain-relief-massage.html,"noindex,follow"
Area+Service,"Full Body Relaxation Massage in Chandganj, Lucknow",area-services/chandganj-full-body-relaxation-massage.html,https://lucknow-massage-spa.github.io/near-me/area-services/chandganj-full-body-relaxation-massage.html,"noindex,follow"
Area+Service,"Period Comfort Massage in Chandganj, Lucknow",area-services/chandganj-period-pain-relief-massage.html,https://lucknow-massage-spa.github.io/near-me/area-services/chandganj-period-pain-relief-massage.html,"noindex,follow"
Area+Service,"Back Comfort Massage in Charbagh, Lucknow",area-services/charbagh-back-pain-relief-massage.html,https://lucknow-massage-spa.github.io/near-me/area-services/charbagh-back-pain-relief-massage.html,"noindex,follow"
Area+Service,"Full Body Relaxation Massage in Charbagh, Lucknow",area-services/charbagh-full-body-relaxation-massage.html,https://lucknow-massage-spa.github.io/near-me/area-services/charbagh-full-body-relaxation-massage.html,"noindex,follow"
Area+Service,"Period Comfort Massage in Charbagh, Lucknow",area-services/charbagh-period-pain-relief-massage.html,https://lucknow-massage-spa.github.io/near-me/area-services/charbagh-period-pain-relief-massage.html,"noindex,follow"
Area+Service,"Back Comfort Massage in Chinhat, Lucknow",area-services/chinhat-back-pain-relief-massage.html,https://lucknow-massage-spa.github.io/near-me/area-services/chinhat-back-pain-relief-massage.html,"noindex,follow"
Area+Service,"Full Body Relaxation Massage in Chinhat, Lucknow",area-services/chinhat-full-body-relaxation-massage.html,https://lucknow-massage-spa.github.io/near-me/area-services/chinhat-full-body-relaxation-massage.html,"noindex,follow"
Area+Service,"Period Comfort Massage in Chinhat, Lucknow",area-services/chinhat-period-pain-relief-massage.html,https://lucknow-massage-spa.github.io/near-me/area-services/chinhat-period-pain-relief-massage.html,"noindex,follow"
Area+Service,"Back Comfort Massage in Chowk, Lucknow",area-services/chowk-back-pain-relief-massage.html,https://lucknow-massage-spa.github.io/near-me/area-services/chowk-back-pain-relief-massage.html,"noindex,follow"
Area+Service,"Full Body Relaxation Massage in Chowk, Lucknow",area-services/chowk-full-body-relaxation-massage.html,https://lucknow-massage-spa.github.io/near-me/area-services/chowk-full-body-relaxation-massage.html,"noindex,follow"
Area+Service,"Period Comfort Massage in Chowk, Lucknow",area-services/chowk-period-pain-relief-massage.html,https://lucknow-massage-spa.github.io/near-me/area-services/chowk-period-pain-relief-massage.html,"noindex,follow"
Area+Service,"Back Comfort Massage in Civil Lines, Lucknow",area-services/civil-lines-back-pain-relief-massage.html,https://lucknow-massage-spa.github.io/near-me/area-services/civil-lines-back-pain-relief-massage.html,"noindex,follow"
Area+Service,"Full Body Relaxation Massage in Civil Lines, Lucknow",area-services/civil-lines-full-body-relaxation-massage.html,https://lucknow-massage-spa.github.io/near-me/area-services/civil-lines-full-body-relaxation-massage.html,"noindex,follow"
Area+Service,"Period Comfort Massage in Civil Lines, Lucknow",area-services/civil-lines-period-pain-relief-massage.html,https://lucknow-massage-spa.github.io/near-me/area-services/civil-lines-period-pain-relief-massage.html,"noindex,follow"
Area+Service,"Back Comfort Massage in Daliganj, Lucknow",area-services/daliganj-back-pain-relief-massage.html,https://lucknow-massage-spa.github.io/near-me/area-services/daliganj-back-pain-relief-massage.html,"noindex,follow"
Area+Service,"Full Body Relaxation Massage in Daliganj, Lucknow",area-services/daliganj-full-body-relaxation-massage.html,https://lucknow-massage-spa.github.io/near-me/area-services/daliganj-full-body-relaxation-massage.html,"noindex,follow"
Area+Service,"Period Comfort Massage in Daliganj, Lucknow",area-services/daliganj-period-pain-relief-massage.html,https://lucknow-massage-spa.github.io/near-me/area-services/daliganj-period-pain-relief-massage.html,"noindex,follow"
Area+Service,"Back Comfort Massage in Deva Road, Lucknow",area-services/deva-road-back-pain-relief-massage.html,https://lucknow-massage-spa.github.io/near-me/area-services/deva-road-back-pain-relief-massage.html,"noindex,follow"
Area+Service,"Full Body Relaxation Massage in Deva Road, Lucknow",area-services/deva-road-full-body-relaxation-massage.html,https://lucknow-massage-spa.github.io/near-me/area-services/deva-road-full-body-relaxation-massage.html,"noindex,follow"
Area+Service,"Period Comfort Massage in Deva Road, Lucknow",area-services/deva-road-period-pain-relief-massage.html,https://lucknow-massage-spa.github.io/near-me/area-services/deva-road-period-pain-relief-massage.html,"noindex,follow"
Area+Service,"Back Comfort Massage in Dilkusha, Lucknow",area-services/dilkusha-back-pain-relief-massage.html,https://lucknow-massage-spa.github.io/near-me/area-services/dilkusha-back-pain-relief-massage.html,"noindex,follow"
Area+Service,"Full Body Relaxation Massage in Dilkusha, Lucknow",area-services/dilkusha-full-body-relaxation-massage.html,https://lucknow-massage-spa.github.io/near-me/area-services/dilkusha-full-body-relaxation-massage.html,"noindex,follow"
Area+Service,"Period Comfort Massage in Dilkusha, Lucknow",area-services/dilkusha-period-pain-relief-massage.html,https://lucknow-massage-spa.github.io/near-me/area-services/dilkusha-period-pain-relief-massage.html,"noindex,follow"
Area+Service,"Back Comfort Massage in Faizabad Road, Lucknow",area-services/faizabad-road-back-pain-relief-massage.html,https://lucknow-massage-spa.github.io/near-me/area-services/faizabad-road-back-pain-relief-massage.html,"noindex,follow"
Area+Service,"Full Body Relaxation Massage in Faizabad Road, Lucknow",area-services/faizabad-road-full-body-relaxation-massage.html,https://lucknow-massage-spa.github.io/near-me/area-services/faizabad-road-full-body-relaxation-massage.html,"noindex,follow"
Area+Service,"Period Comfort Massage in Faizabad Road, Lucknow",area-services/faizabad-road-period-pain-relief-massage.html,https://lucknow-massage-spa.github.io/near-me/area-services/faizabad-road-period-pain-relief-massage.html,"noindex,follow"
Area+Service,"Back Comfort Massage in Fazullaganj, Lucknow",area-services/fazullaganj-back-pain-relief-massage.html,https://lucknow-massage-spa.github.io/near-me/area-services/fazullaganj-back-pain-relief-massage.html,"noindex,follow"
Area+Service,"Full Body Relaxation Massage in Fazullaganj, Lucknow",area-services/fazullaganj-full-body-relaxation-massage.html,https://lucknow-massage-spa.github.io/near-me/area-services/fazullaganj-full-body-relaxation-massage.html,"noindex,follow"
Area+Service,"Period Comfort Massage in Fazullaganj, Lucknow",area-services/fazullaganj-period-pain-relief-massage.html,https://lucknow-massage-spa.github.io/near-me/area-services/fazullaganj-period-pain-relief-massage.html,"noindex,follow"
Area+Service,"Back Comfort Massage in Ganeshganj, Lucknow",area-services/ganeshganj-back-pain-relief-massage.html,https://lucknow-massage-spa.github.io/near-me/area-services/ganeshganj-back-pain-relief-massage.html,"noindex,follow"
Area+Service,"Full Body Relaxation Massage in Ganeshganj, Lucknow",area-services/ganeshganj-full-body-relaxation-massage.html,https://lucknow-massage-spa.github.io/near-me/area-services/ganeshganj-full-body-relaxation-massage.html,"noindex,follow"
Area+Service,"Period Comfort Massage in Ganeshganj, Lucknow",area-services/ganeshganj-period-pain-relief-massage.html,https://lucknow-massage-spa.github.io/near-me/area-services/ganeshganj-period-pain-relief-massage.html,"noindex,follow"
Area+Service,"Back Comfort Massage in Gokhale Marg, Lucknow",area-services/gokhale-marg-back-pain-relief-massage.html,https://lucknow-massage-spa.github.io/near-me/area-services/gokhale-marg-back-pain-relief-massage.html,"noindex,follow"
Area+Service,"Full Body Relaxation Massage in Gokhale Marg, Lucknow",area-services/gokhale-marg-full-body-relaxation-massage.html,https://lucknow-massage-spa.github.io/near-me/area-services/gokhale-marg-full-body-relaxation-massage.html,"noindex,follow"
Area+Service,"Period Comfort Massage in Gokhale Marg, Lucknow",area-services/gokhale-marg-period-pain-relief-massage.html,https://lucknow-massage-spa.github.io/near-me/area-services/gokhale-marg-period-pain-relief-massage.html,"noindex,follow"
Area+Service,"Back Comfort Massage in Golaganj, Lucknow",area-services/golaganj-back-pain-relief-massage.html,https://lucknow-massage-spa.github.io/near-me/area-services/golaganj-back-pain-relief-massage.html,"noindex,follow"
Area+Service,"Full Body Relaxation Massage in Golaganj, Lucknow",area-services/golaganj-full-body-relaxation-massage.html,https://lucknow-massage-spa.github.io/near-me/area-services/golaganj-full-body-relaxation-massage.html,"noindex,follow"
Area+Service,"Period Comfort Massage in Golaganj, Lucknow",area-services/golaganj-period-pain-relief-massage.html,https://lucknow-massage-spa.github.io/near-me/area-services/golaganj-period-pain-relief-massage.html,"noindex,follow"
Area+Service,"Back Comfort Massage in Gomti Nagar, Lucknow",area-services/gomti-nagar-back-pain-relief-massage.html,https://lucknow-massage-spa.github.io/near-me/area-services/gomti-nagar-back-pain-relief-massage.html,"noindex,follow"
Area+Service,"Back Comfort Massage in Gomti Nagar Extension, Lucknow",area-services/gomti-nagar-extension-back-pain-relief-massage.html,https://lucknow-massage-spa.github.io/near-me/area-services/gomti-nagar-extension-back-pain-relief-massage.html,"noindex,follow"
Area+Service,"Full Body Relaxation Massage in Gomti Nagar Extension, Lucknow",area-services/gomti-nagar-extension-full-body-relaxation-massage.html,https://lucknow-massage-spa.github.io/near-me/area-services/gomti-nagar-extension-full-body-relaxation-massage.html,"noindex,follow"
Area+Service,"Period Comfort Massage in Gomti Nagar Extension, Lucknow",area-services/gomti-nagar-extension-period-pain-relief-massage.html,https://lucknow-massage-spa.github.io/near-me/area-services/gomti-nagar-extension-period-pain-relief-massage.html,"noindex,follow"
Area+Service,"Full Body Relaxation Massage in Gomti Nagar, Lucknow",area-services/gomti-nagar-full-body-relaxation-massage.html,https://lucknow-massage-spa.github.io/near-me/area-services/gomti-nagar-full-body-relaxation-massage.html,"noindex,follow"
Area+Service,"Period Comfort Massage in Gomti Nagar, Lucknow",area-services/gomti-nagar-period-pain-relief-massage.html,https://lucknow-massage-spa.github.io/near-me/area-services/gomti-nagar-period-pain-relief-massage.html,"noindex,follow"
Area+Service,"Back Comfort Massage in Gosainganj, Lucknow",area-services/gosainganj-back-pain-relief-massage.html,https://lucknow-massage-spa.github.io/near-me/area-services/gosainganj-back-pain-relief-massage.html,"noindex,follow"
Area+Service,"Full Body Relaxation Massage in Gosainganj, Lucknow",area-services/gosainganj-full-body-relaxation-massage.html,https://lucknow-massage-spa.github.io/near-me/area-services/gosainganj-full-body-relaxation-massage.html,"noindex,follow"
Area+Service,"Period Comfort Massage in Gosainganj, Lucknow",area-services/gosainganj-period-pain-relief-massage.html,https://lucknow-massage-spa.github.io/near-me/area-services/gosainganj-period-pain-relief-massage.html,"noindex,follow"
Area+Service,"Back Comfort Massage in HAL Colony, Lucknow",area-services/hal-colony-back-pain-relief-massage.html,https://lucknow-massage-spa.github.io/near-me/area-services/hal-colony-back-pain-relief-massage.html,"noindex,follow"
Area+Service,"Full Body Relaxation Massage in HAL Colony, Lucknow",area-services/hal-colony-full-body-relaxation-massage.html,https://lucknow-massage-spa.github.io/near-me/area-services/hal-colony-full-body-relaxation-massage.html,"noindex,follow"
Area+Service,"Period Comfort Massage in HAL Colony, Lucknow",area-services/hal-colony-period-pain-relief-massage.html,https://lucknow-massage-spa.github.io/near-me/area-services/hal-colony-period-pain-relief-massage.html,"noindex,follow"
Area+Service,"Back Comfort Massage in Hardoi Road, Lucknow",area-services/hardoi-road-back-pain-relief-massage.html,https://lucknow-massage-spa.github.io/near-me/area-services/hardoi-road-back-pain-relief-massage.html,"noindex,follow"
Area+Service,"Full Body Relaxation Massage in Hardoi Road, Lucknow",area-services/hardoi-road-full-body-relaxation-massage.html,https://lucknow-massage-spa.github.io/near-me/area-services/hardoi-road-full-body-relaxation-massage.html,"noindex,follow"
Area+Service,"Period Comfort Massage in Hardoi Road, Lucknow",area-services/hardoi-road-period-pain-relief-massage.html,https://lucknow-massage-spa.github.io/near-me/area-services/hardoi-road-period-pain-relief-massage.html,"noindex,follow"
Area+Service,"Back Comfort Massage in Hazratganj, Lucknow",area-services/hazratganj-back-pain-relief-massage.html,https://lucknow-massage-spa.github.io/near-me/area-services/hazratganj-back-pain-relief-massage.html,"noindex,follow"
Area+Service,"Full Body Relaxation Massage in Hazratganj, Lucknow",area-services/hazratganj-full-body-relaxation-massage.html,https://lucknow-massage-spa.github.io/near-me/area-services/hazratganj-full-body-relaxation-massage.html,"noindex,follow"
Area+Service,"Period Comfort Massage in Hazratganj, Lucknow",area-services/hazratganj-period-pain-relief-massage.html,https://lucknow-massage-spa.github.io/near-me/area-services/hazratganj-period-pain-relief-massage.html,"noindex,follow"
Area+Service,"Back Comfort Massage in Husainabad, Lucknow",area-services/husainabad-back-pain-relief-massage.html,https://lucknow-massage-spa.github.io/near-me/area-services/husainabad-back-pain-relief-massage.html,"noindex,follow"
Area+Service,"Full Body Relaxation Massage in Husainabad, Lucknow",area-services/husainabad-full-body-relaxation-massage.html,https://lucknow-massage-spa.github.io/near-me/area-services/husainabad-full-body-relaxation-massage.html,"noindex,follow"
Area+Service,"Period Comfort Massage in Husainabad, Lucknow",area-services/husainabad-period-pain-relief-massage.html,https://lucknow-massage-spa.github.io/near-me/area-services/husainabad-period-pain-relief-massage.html,"noindex,follow"
Area+Service,"Back Comfort Massage in Husainganj, Lucknow",area-services/husainganj-back-pain-relief-massage.html,https://lucknow-massage-spa.github.io/near-me/area-services/husainganj-back-pain-relief-massage.html,"noindex,follow"
Area+Service,"Full Body Relaxation Massage in Husainganj, Lucknow",area-services/husainganj-full-body-relaxation-massage.html,https://lucknow-massage-spa.github.io/near-me/area-services/husainganj-full-body-relaxation-massage.html,"noindex,follow"
Area+Service,"Period Comfort Massage in Husainganj, Lucknow",area-services/husainganj-period-pain-relief-massage.html,https://lucknow-massage-spa.github.io/near-me/area-services/husainganj-period-pain-relief-massage.html,"noindex,follow"
Area+Service,"Back Comfort Massage in IIM Road, Lucknow",area-services/iim-road-back-pain-relief-massage.html,https://lucknow-massage-spa.github.io/near-me/area-services/iim-road-back-pain-relief-massage.html,"noindex,follow"
Area+Service,"Full Body Relaxation Massage in IIM Road, Lucknow",area-services/iim-road-full-body-relaxation-massage.html,https://lucknow-massage-spa.github.io/near-me/area-services/iim-road-full-body-relaxation-massage.html,"noindex,follow"
Area+Service,"Period Comfort Massage in IIM Road, Lucknow",area-services/iim-road-period-pain-relief-massage.html,https://lucknow-massage-spa.github.io/near-me/area-services/iim-road-period-pain-relief-massage.html,"noindex,follow"
Area+Service Hub,Lucknow Area + Wellness Service Directory,area-services/index.html,https://lucknow-massage-spa.github.io/near-me/area-services/,"index,follow"
Area+Service,"Back Comfort Massage in Indira Nagar, Lucknow",area-services/indira-nagar-back-pain-relief-massage.html,https://lucknow-massage-spa.github.io/near-me/area-services/indira-nagar-back-pain-relief-massage.html,"noindex,follow"
Area+Service,"Full Body Relaxation Massage in Indira Nagar, Lucknow",area-services/indira-nagar-full-body-relaxation-massage.html,https://lucknow-massage-spa.github.io/near-me/area-services/indira-nagar-full-body-relaxation-massage.html,"noindex,follow"
Area+Service,"Period Comfort Massage in Indira Nagar, Lucknow",area-services/indira-nagar-period-pain-relief-massage.html,https://lucknow-massage-spa.github.io/near-me/area-services/indira-nagar-period-pain-relief-massage.html,"noindex,follow"
Area+Service,"Back Comfort Massage in Jankipuram, Lucknow",area-services/jankipuram-back-pain-relief-massage.html,https://lucknow-massage-spa.github.io/near-me/area-services/jankipuram-back-pain-relief-massage.html,"noindex,follow"
Area+Service,"Back Comfort Massage in Jankipuram Extension, Lucknow",area-services/jankipuram-extension-back-pain-relief-massage.html,https://lucknow-massage-spa.github.io/near-me/area-services/jankipuram-extension-back-pain-relief-massage.html,"noindex,follow"
Area+Service,"Full Body Relaxation Massage in Jankipuram Extension, Lucknow",area-services/jankipuram-extension-full-body-relaxation-massage.html,https://lucknow-massage-spa.github.io/near-me/area-services/jankipuram-extension-full-body-relaxation-massage.html,"noindex,follow"
Area+Service,"Period Comfort Massage in Jankipuram Extension, Lucknow",area-services/jankipuram-extension-period-pain-relief-massage.html,https://lucknow-massage-spa.github.io/near-me/area-services/jankipuram-extension-period-pain-relief-massage.html,"noindex,follow"
Area+Service,"Full Body Relaxation Massage in Jankipuram, Lucknow",area-services/jankipuram-full-body-relaxation-massage.html,https://lucknow-massage-spa.github.io/near-me/area-services/jankipuram-full-body-relaxation-massage.html,"noindex,follow"
Area+Service,"Period Comfort Massage in Jankipuram, Lucknow",area-services/jankipuram-period-pain-relief-massage.html,https://lucknow-massage-spa.github.io/near-me/area-services/jankipuram-period-pain-relief-massage.html,"noindex,follow"
Area+Service,"Back Comfort Massage in Jankipuram Vistar, Lucknow",area-services/jankipuram-vistar-back-pain-relief-massage.html,https://lucknow-massage-spa.github.io/near-me/area-services/jankipuram-vistar-back-pain-relief-massage.html,"noindex,follow"
Area+Service,"Full Body Relaxation Massage in Jankipuram Vistar, Lucknow",area-services/jankipuram-vistar-full-body-relaxation-massage.html,https://lucknow-massage-spa.github.io/near-me/area-services/jankipuram-vistar-full-body-relaxation-massage.html,"noindex,follow"
Area+Service,"Period Comfort Massage in Jankipuram Vistar, Lucknow",area-services/jankipuram-vistar-period-pain-relief-massage.html,https://lucknow-massage-spa.github.io/near-me/area-services/jankipuram-vistar-period-pain-relief-massage.html,"noindex,follow"
Area+Service,"Back Comfort Massage in Jopling Road, Lucknow",area-services/jopling-road-back-pain-relief-massage.html,https://lucknow-massage-spa.github.io/near-me/area-services/jopling-road-back-pain-relief-massage.html,"noindex,follow"
Area+Service,"Full Body Relaxation Massage in Jopling Road, Lucknow",area-services/jopling-road-full-body-relaxation-massage.html,https://lucknow-massage-spa.github.io/near-me/area-services/jopling-road-full-body-relaxation-massage.html,"noindex,follow"
Area+Service,"Period Comfort Massage in Jopling Road, Lucknow",area-services/jopling-road-period-pain-relief-massage.html,https://lucknow-massage-spa.github.io/near-me/area-services/jopling-road-period-pain-relief-massage.html,"noindex,follow"
Area+Service,"Back Comfort Massage in Kakori, Lucknow",area-services/kakori-back-pain-relief-massage.html,https://lucknow-massage-spa.github.io/near-me/area-services/kakori-back-pain-relief-massage.html,"noindex,follow"
Area+Service,"Full Body Relaxation Massage in Kakori, Lucknow",area-services/kakori-full-body-relaxation-massage.html,https://lucknow-massage-spa.github.io/near-me/area-services/kakori-full-body-relaxation-massage.html,"noindex,follow"
Area+Service,"Period Comfort Massage in Kakori, Lucknow",area-services/kakori-period-pain-relief-massage.html,https://lucknow-massage-spa.github.io/near-me/area-services/kakori-period-pain-relief-massage.html,"noindex,follow"
Area+Service,"Back Comfort Massage in Kalyanpur East, Lucknow",area-services/kalyanpur-east-back-pain-relief-massage.html,https://lucknow-massage-spa.github.io/near-me/area-services/kalyanpur-east-back-pain-relief-massage.html,"noindex,follow"
Area+Service,"Full Body Relaxation Massage in Kalyanpur East, Lucknow",area-services/kalyanpur-east-full-body-relaxation-massage.html,https://lucknow-massage-spa.github.io/near-me/area-services/kalyanpur-east-full-body-relaxation-massage.html,"noindex,follow"
Area+Service,"Period Comfort Massage in Kalyanpur East, Lucknow",area-services/kalyanpur-east-period-pain-relief-massage.html,https://lucknow-massage-spa.github.io/near-me/area-services/kalyanpur-east-period-pain-relief-massage.html,"noindex,follow"
Area+Service,"Back Comfort Massage in Kalyanpur West, Lucknow",area-services/kalyanpur-west-back-pain-relief-massage.html,https://lucknow-massage-spa.github.io/near-me/area-services/kalyanpur-west-back-pain-relief-massage.html,"noindex,follow"
Area+Service,"Full Body Relaxation Massage in Kalyanpur West, Lucknow",area-services/kalyanpur-west-full-body-relaxation-massage.html,https://lucknow-massage-spa.github.io/near-me/area-services/kalyanpur-west-full-body-relaxation-massage.html,"noindex,follow"
Area+Service,"Period Comfort Massage in Kalyanpur West, Lucknow",area-services/kalyanpur-west-period-pain-relief-massage.html,https://lucknow-massage-spa.github.io/near-me/area-services/kalyanpur-west-period-pain-relief-massage.html,"noindex,follow"
Area+Service,"Back Comfort Massage in Kamta, Lucknow",area-services/kamta-back-pain-relief-massage.html,https://lucknow-massage-spa.github.io/near-me/area-services/kamta-back-pain-relief-massage.html,"noindex,follow"
Area+Service,"Full Body Relaxation Massage in Kamta, Lucknow",area-services/kamta-full-body-relaxation-massage.html,https://lucknow-massage-spa.github.io/near-me/area-services/kamta-full-body-relaxation-massage.html,"noindex,follow"
Area+Service,"Period Comfort Massage in Kamta, Lucknow",area-services/kamta-period-pain-relief-massage.html,https://lucknow-massage-spa.github.io/near-me/area-services/kamta-period-pain-relief-massage.html,"noindex,follow"
Area+Service,"Back Comfort Massage in Kanpur Road, Lucknow",area-services/kanpur-road-back-pain-relief-massage.html,https://lucknow-massage-spa.github.io/near-me/area-services/kanpur-road-back-pain-relief-massage.html,"noindex,follow"
Area+Service,"Full Body Relaxation Massage in Kanpur Road, Lucknow",area-services/kanpur-road-full-body-relaxation-massage.html,https://lucknow-massage-spa.github.io/near-me/area-services/kanpur-road-full-body-relaxation-massage.html,"noindex,follow"
Area+Service,"Period Comfort Massage in Kanpur Road, Lucknow",area-services/kanpur-road-period-pain-relief-massage.html,https://lucknow-massage-spa.github.io/near-me/area-services/kanpur-road-period-pain-relief-massage.html,"noindex,follow"
Area+Service,"Back Comfort Massage in Kapoorthala, Lucknow",area-services/kapoorthala-back-pain-relief-massage.html,https://lucknow-massage-spa.github.io/near-me/area-services/kapoorthala-back-pain-relief-massage.html,"noindex,follow"
Area+Service,"Full Body Relaxation Massage in Kapoorthala, Lucknow",area-services/kapoorthala-full-body-relaxation-massage.html,https://lucknow-massage-spa.github.io/near-me/area-services/kapoorthala-full-body-relaxation-massage.html,"noindex,follow"
Area+Service,"Period Comfort Massage in Kapoorthala, Lucknow",area-services/kapoorthala-period-pain-relief-massage.html,https://lucknow-massage-spa.github.io/near-me/area-services/kapoorthala-period-pain-relief-massage.html,"noindex,follow"
Area+Service,"Back Comfort Massage in Khurram Nagar, Lucknow",area-services/khurram-nagar-back-pain-relief-massage.html,https://lucknow-massage-spa.github.io/near-me/area-services/khurram-nagar-back-pain-relief-massage.html,"noindex,follow"
Area+Service,"Full Body Relaxation Massage in Khurram Nagar, Lucknow",area-services/khurram-nagar-full-body-relaxation-massage.html,https://lucknow-massage-spa.github.io/near-me/area-services/khurram-nagar-full-body-relaxation-massage.html,"noindex,follow"
Area+Service,"Period Comfort Massage in Khurram Nagar, Lucknow",area-services/khurram-nagar-period-pain-relief-massage.html,https://lucknow-massage-spa.github.io/near-me/area-services/khurram-nagar-period-pain-relief-massage.html,"noindex,follow"
Area+Service,"Back Comfort Massage in Krishna Nagar, Lucknow",area-services/krishna-nagar-back-pain-relief-massage.html,https://lucknow-massage-spa.github.io/near-me/area-services/krishna-nagar-back-pain-relief-massage.html,"noindex,follow"
Area+Service,"Full Body Relaxation Massage in Krishna Nagar, Lucknow",area-services/krishna-nagar-full-body-relaxation-massage.html,https://lucknow-massage-spa.github.io/near-me/area-services/krishna-nagar-full-body-relaxation-massage.html,"noindex,follow"
Area+Service,"Period Comfort Massage in Krishna Nagar, Lucknow",area-services/krishna-nagar-period-pain-relief-massage.html,https://lucknow-massage-spa.github.io/near-me/area-services/krishna-nagar-period-pain-relief-massage.html,"noindex,follow"
Area+Service,"Back Comfort Massage in Kursi Road, Lucknow",area-services/kursi-road-back-pain-relief-massage.html,https://lucknow-massage-spa.github.io/near-me/area-services/kursi-road-back-pain-relief-massage.html,"noindex,follow"
Area+Service,"Full Body Relaxation Massage in Kursi Road, Lucknow",area-services/kursi-road-full-body-relaxation-massage.html,https://lucknow-massage-spa.github.io/near-me/area-services/kursi-road-full-body-relaxation-massage.html,"noindex,follow"
Area+Service,"Period Comfort Massage in Kursi Road, Lucknow",area-services/kursi-road-period-pain-relief-massage.html,https://lucknow-massage-spa.github.io/near-me/area-services/kursi-road-period-pain-relief-massage.html,"noindex,follow"
Area+Service,"Back Comfort Massage in Lalbagh, Lucknow",area-services/lalbagh-back-pain-relief-massage.html,https://lucknow-massage-spa.github.io/near-me/area-services/lalbagh-back-pain-relief-massage.html,"noindex,follow"
Area+Service,"Full Body Relaxation Massage in Lalbagh, Lucknow",area-services/lalbagh-full-body-relaxation-massage.html,https://lucknow-massage-spa.github.io/near-me/area-services/lalbagh-full-body-relaxation-massage.html,"noindex,follow"
Area+Service,"Period Comfort Massage in Lalbagh, Lucknow",area-services/lalbagh-period-pain-relief-massage.html,https://lucknow-massage-spa.github.io/near-me/area-services/lalbagh-period-pain-relief-massage.html,"noindex,follow"
Area+Service,"Back Comfort Massage in LDA Colony, Lucknow",area-services/lda-colony-back-pain-relief-massage.html,https://lucknow-massage-spa.github.io/near-me/area-services/lda-colony-back-pain-relief-massage.html,"noindex,follow"
Area+Service,"Full Body Relaxation Massage in LDA Colony, Lucknow",area-services/lda-colony-full-body-relaxation-massage.html,https://lucknow-massage-spa.github.io/near-me/area-services/lda-colony-full-body-relaxation-massage.html,"noindex,follow"
Area+Service,"Period Comfort Massage in LDA Colony, Lucknow",area-services/lda-colony-period-pain-relief-massage.html,https://lucknow-massage-spa.github.io/near-me/area-services/lda-colony-period-pain-relief-massage.html,"noindex,follow"
Area+Service,"Back Comfort Massage in Madiyanva, Lucknow",area-services/madiyanva-back-pain-relief-massage.html,https://lucknow-massage-spa.github.io/near-me/area-services/madiyanva-back-pain-relief-massage.html,"noindex,follow"
Area+Service,"Full Body Relaxation Massage in Madiyanva, Lucknow",area-services/madiyanva-full-body-relaxation-massage.html,https://lucknow-massage-spa.github.io/near-me/area-services/madiyanva-full-body-relaxation-massage.html,"noindex,follow"
Area+Service,"Period Comfort Massage in Madiyanva, Lucknow",area-services/madiyanva-period-pain-relief-massage.html,https://lucknow-massage-spa.github.io/near-me/area-services/madiyanva-period-pain-relief-massage.html,"noindex,follow"
Area+Service,"Back Comfort Massage in Mahanagar, Lucknow",area-services/mahanagar-back-pain-relief-massage.html,https://lucknow-massage-spa.github.io/near-me/area-services/mahanagar-back-pain-relief-massage.html,"noindex,follow"
Area+Service,"Full Body Relaxation Massage in Mahanagar, Lucknow",area-services/mahanagar-full-body-relaxation-massage.html,https://lucknow-massage-spa.github.io/near-me/area-services/mahanagar-full-body-relaxation-massage.html,"noindex,follow"
Area+Service,"Period Comfort Massage in Mahanagar, Lucknow",area-services/mahanagar-period-pain-relief-massage.html,https://lucknow-massage-spa.github.io/near-me/area-services/mahanagar-period-pain-relief-massage.html,"noindex,follow"
Area+Service,"Back Comfort Massage in Malihabad, Lucknow",area-services/malihabad-back-pain-relief-massage.html,https://lucknow-massage-spa.github.io/near-me/area-services/malihabad-back-pain-relief-massage.html,"noindex,follow"
Area+Service,"Full Body Relaxation Massage in Malihabad, Lucknow",area-services/malihabad-full-body-relaxation-massage.html,https://lucknow-massage-spa.github.io/near-me/area-services/malihabad-full-body-relaxation-massage.html,"noindex,follow"
Area+Service,"Period Comfort Massage in Malihabad, Lucknow",area-services/malihabad-period-pain-relief-massage.html,https://lucknow-massage-spa.github.io/near-me/area-services/malihabad-period-pain-relief-massage.html,"noindex,follow"
Area+Service,"Back Comfort Massage in Manas Nagar, Lucknow",area-services/manas-nagar-back-pain-relief-massage.html,https://lucknow-massage-spa.github.io/near-me/area-services/manas-nagar-back-pain-relief-massage.html,"noindex,follow"
Area+Service,"Full Body Relaxation Massage in Manas Nagar, Lucknow",area-services/manas-nagar-full-body-relaxation-massage.html,https://lucknow-massage-spa.github.io/near-me/area-services/manas-nagar-full-body-relaxation-massage.html,"noindex,follow"
Area+Service,"Period Comfort Massage in Manas Nagar, Lucknow",area-services/manas-nagar-period-pain-relief-massage.html,https://lucknow-massage-spa.github.io/near-me/area-services/manas-nagar-period-pain-relief-massage.html,"noindex,follow"
Area+Service,"Back Comfort Massage in Matiyari, Lucknow",area-services/matiyari-back-pain-relief-massage.html,https://lucknow-massage-spa.github.io/near-me/area-services/matiyari-back-pain-relief-massage.html,"noindex,follow"
Area+Service,"Full Body Relaxation Massage in Matiyari, Lucknow",area-services/matiyari-full-body-relaxation-massage.html,https://lucknow-massage-spa.github.io/near-me/area-services/matiyari-full-body-relaxation-massage.html,"noindex,follow"
Area+Service,"Period Comfort Massage in Matiyari, Lucknow",area-services/matiyari-period-pain-relief-massage.html,https://lucknow-massage-spa.github.io/near-me/area-services/matiyari-period-pain-relief-massage.html,"noindex,follow"
Area+Service,"Back Comfort Massage in Mohanlalganj, Lucknow",area-services/mohanlalganj-back-pain-relief-massage.html,https://lucknow-massage-spa.github.io/near-me/area-services/mohanlalganj-back-pain-relief-massage.html,"noindex,follow"
Area+Service,"Full Body Relaxation Massage in Mohanlalganj, Lucknow",area-services/mohanlalganj-full-body-relaxation-massage.html,https://lucknow-massage-spa.github.io/near-me/area-services/mohanlalganj-full-body-relaxation-massage.html,"noindex,follow"
Area+Service,"Period Comfort Massage in Mohanlalganj, Lucknow",area-services/mohanlalganj-period-pain-relief-massage.html,https://lucknow-massage-spa.github.io/near-me/area-services/mohanlalganj-period-pain-relief-massage.html,"noindex,follow"
Area+Service,"Back Comfort Massage in Naka Hindola, Lucknow",area-services/naka-hindola-back-pain-relief-massage.html,https://lucknow-massage-spa.github.io/near-me/area-services/naka-hindola-back-pain-relief-massage.html,"noindex,follow"
Area+Service,"Full Body Relaxation Massage in Naka Hindola, Lucknow",area-services/naka-hindola-full-body-relaxation-massage.html,https://lucknow-massage-spa.github.io/near-me/area-services/naka-hindola-full-body-relaxation-massage.html,"noindex,follow"
Area+Service,"Period Comfort Massage in Naka Hindola, Lucknow",area-services/naka-hindola-period-pain-relief-massage.html,https://lucknow-massage-spa.github.io/near-me/area-services/naka-hindola-period-pain-relief-massage.html,"noindex,follow"
Area+Service,"Back Comfort Massage in New Hyderabad, Lucknow",area-services/new-hyderabad-back-pain-relief-massage.html,https://lucknow-massage-spa.github.io/near-me/area-services/new-hyderabad-back-pain-relief-massage.html,"noindex,follow"
Area+Service,"Full Body Relaxation Massage in New Hyderabad, Lucknow",area-services/new-hyderabad-full-body-relaxation-massage.html,https://lucknow-massage-spa.github.io/near-me/area-services/new-hyderabad-full-body-relaxation-massage.html,"noindex,follow"
Area+Service,"Period Comfort Massage in New Hyderabad, Lucknow",area-services/new-hyderabad-period-pain-relief-massage.html,https://lucknow-massage-spa.github.io/near-me/area-services/new-hyderabad-period-pain-relief-massage.html,"noindex,follow"
Area+Service,"Back Comfort Massage in Nilmatha, Lucknow",area-services/nilmatha-back-pain-relief-massage.html,https://lucknow-massage-spa.github.io/near-me/area-services/nilmatha-back-pain-relief-massage.html,"noindex,follow"
Area+Service,"Full Body Relaxation Massage in Nilmatha, Lucknow",area-services/nilmatha-full-body-relaxation-massage.html,https://lucknow-massage-spa.github.io/near-me/area-services/nilmatha-full-body-relaxation-massage.html,"noindex,follow"
Area+Service,"Period Comfort Massage in Nilmatha, Lucknow",area-services/nilmatha-period-pain-relief-massage.html,https://lucknow-massage-spa.github.io/near-me/area-services/nilmatha-period-pain-relief-massage.html,"noindex,follow"
Area+Service,"Back Comfort Massage in Nirala Nagar, Lucknow",area-services/nirala-nagar-back-pain-relief-massage.html,https://lucknow-massage-spa.github.io/near-me/area-services/nirala-nagar-back-pain-relief-massage.html,"noindex,follow"
Area+Service,"Full Body Relaxation Massage in Nirala Nagar, Lucknow",area-services/nirala-nagar-full-body-relaxation-massage.html,https://lucknow-massage-spa.github.io/near-me/area-services/nirala-nagar-full-body-relaxation-massage.html,"noindex,follow"
Area+Service,"Period Comfort Massage in Nirala Nagar, Lucknow",area-services/nirala-nagar-period-pain-relief-massage.html,https://lucknow-massage-spa.github.io/near-me/area-services/nirala-nagar-period-pain-relief-massage.html,"noindex,follow"
Area+Service,"Back Comfort Massage in Nishatganj, Lucknow",area-services/nishatganj-back-pain-relief-massage.html,https://lucknow-massage-spa.github.io/near-me/area-services/nishatganj-back-pain-relief-massage.html,"noindex,follow"
Area+Service,"Full Body Relaxation Massage in Nishatganj, Lucknow",area-services/nishatganj-full-body-relaxation-massage.html,https://lucknow-massage-spa.github.io/near-me/area-services/nishatganj-full-body-relaxation-massage.html,"noindex,follow"
Area+Service,"Period Comfort Massage in Nishatganj, Lucknow",area-services/nishatganj-period-pain-relief-massage.html,https://lucknow-massage-spa.github.io/near-me/area-services/nishatganj-period-pain-relief-massage.html,"noindex,follow"
Area+Service,"Back Comfort Massage in Omaxe City, Lucknow",area-services/omaxe-city-back-pain-relief-massage.html,https://lucknow-massage-spa.github.io/near-me/area-services/omaxe-city-back-pain-relief-massage.html,"noindex,follow"
Area+Service,"Full Body Relaxation Massage in Omaxe City, Lucknow",area-services/omaxe-city-full-body-relaxation-massage.html,https://lucknow-massage-spa.github.io/near-me/area-services/omaxe-city-full-body-relaxation-massage.html,"noindex,follow"
Area+Service,"Period Comfort Massage in Omaxe City, Lucknow",area-services/omaxe-city-period-pain-relief-massage.html,https://lucknow-massage-spa.github.io/near-me/area-services/omaxe-city-period-pain-relief-massage.html,"noindex,follow"
Area+Service,"Back Comfort Massage in Para, Lucknow",area-services/para-back-pain-relief-massage.html,https://lucknow-massage-spa.github.io/near-me/area-services/para-back-pain-relief-massage.html,"noindex,follow"
Area+Service,"Full Body Relaxation Massage in Para, Lucknow",area-services/para-full-body-relaxation-massage.html,https://lucknow-massage-spa.github.io/near-me/area-services/para-full-body-relaxation-massage.html,"noindex,follow"
Area+Service,"Period Comfort Massage in Para, Lucknow",area-services/para-period-pain-relief-massage.html,https://lucknow-massage-spa.github.io/near-me/area-services/para-period-pain-relief-massage.html,"noindex,follow"
Area+Service,"Back Comfort Massage in Preeti Nagar, Lucknow",area-services/preeti-nagar-back-pain-relief-massage.html,https://lucknow-massage-spa.github.io/near-me/area-services/preeti-nagar-back-pain-relief-massage.html,"noindex,follow"
Area+Service,"Full Body Relaxation Massage in Preeti Nagar, Lucknow",area-services/preeti-nagar-full-body-relaxation-massage.html,https://lucknow-massage-spa.github.io/near-me/area-services/preeti-nagar-full-body-relaxation-massage.html,"noindex,follow"
Area+Service,"Period Comfort Massage in Preeti Nagar, Lucknow",area-services/preeti-nagar-period-pain-relief-massage.html,https://lucknow-massage-spa.github.io/near-me/area-services/preeti-nagar-period-pain-relief-massage.html,"noindex,follow"
Area+Service,"Back Comfort Massage in Qaiserbagh, Lucknow",area-services/qaiserbagh-back-pain-relief-massage.html,https://lucknow-massage-spa.github.io/near-me/area-services/qaiserbagh-back-pain-relief-massage.html,"noindex,follow"
Area+Service,"Full Body Relaxation Massage in Qaiserbagh, Lucknow",area-services/qaiserbagh-full-body-relaxation-massage.html,https://lucknow-massage-spa.github.io/near-me/area-services/qaiserbagh-full-body-relaxation-massage.html,"noindex,follow"
Area+Service,"Period Comfort Massage in Qaiserbagh, Lucknow",area-services/qaiserbagh-period-pain-relief-massage.html,https://lucknow-massage-spa.github.io/near-me/area-services/qaiserbagh-period-pain-relief-massage.html,"noindex,follow"
Area+Service,"Back Comfort Massage in Raebareli Road, Lucknow",area-services/raebareli-road-back-pain-relief-massage.html,https://lucknow-massage-spa.github.io/near-me/area-services/raebareli-road-back-pain-relief-massage.html,"noindex,follow"
Area+Service,"Full Body Relaxation Massage in Raebareli Road, Lucknow",area-services/raebareli-road-full-body-relaxation-massage.html,https://lucknow-massage-spa.github.io/near-me/area-services/raebareli-road-full-body-relaxation-massage.html,"noindex,follow"
Area+Service,"Period Comfort Massage in Raebareli Road, Lucknow",area-services/raebareli-road-period-pain-relief-massage.html,https://lucknow-massage-spa.github.io/near-me/area-services/raebareli-road-period-pain-relief-massage.html,"noindex,follow"
Area+Service,"Back Comfort Massage in Rajajipuram, Lucknow",area-services/rajajipuram-back-pain-relief-massage.html,https://lucknow-massage-spa.github.io/near-me/area-services/rajajipuram-back-pain-relief-massage.html,"noindex,follow"
Area+Service,"Full Body Relaxation Massage in Rajajipuram, Lucknow",area-services/rajajipuram-full-body-relaxation-massage.html,https://lucknow-massage-spa.github.io/near-me/area-services/rajajipuram-full-body-relaxation-massage.html,"noindex,follow"
Area+Service,"Period Comfort Massage in Rajajipuram, Lucknow",area-services/rajajipuram-period-pain-relief-massage.html,https://lucknow-massage-spa.github.io/near-me/area-services/rajajipuram-period-pain-relief-massage.html,"noindex,follow"
Area+Service,"Back Comfort Massage in Rajendra Nagar, Lucknow",area-services/rajendra-nagar-back-pain-relief-massage.html,https://lucknow-massage-spa.github.io/near-me/area-services/rajendra-nagar-back-pain-relief-massage.html,"noindex,follow"
Area+Service,"Full Body Relaxation Massage in Rajendra Nagar, Lucknow",area-services/rajendra-nagar-full-body-relaxation-massage.html,https://lucknow-massage-spa.github.io/near-me/area-services/rajendra-nagar-full-body-relaxation-massage.html,"noindex,follow"
Area+Service,"Period Comfort Massage in Rajendra Nagar, Lucknow",area-services/rajendra-nagar-period-pain-relief-massage.html,https://lucknow-massage-spa.github.io/near-me/area-services/rajendra-nagar-period-pain-relief-massage.html,"noindex,follow"
Area+Service,"Back Comfort Massage in Rakabganj, Lucknow",area-services/rakabganj-back-pain-relief-massage.html,https://lucknow-massage-spa.github.io/near-me/area-services/rakabganj-back-pain-relief-massage.html,"noindex,follow"
Area+Service,"Full Body Relaxation Massage in Rakabganj, Lucknow",area-services/rakabganj-full-body-relaxation-massage.html,https://lucknow-massage-spa.github.io/near-me/area-services/rakabganj-full-body-relaxation-massage.html,"noindex,follow"
Area+Service,"Period Comfort Massage in Rakabganj, Lucknow",area-services/rakabganj-period-pain-relief-massage.html,https://lucknow-massage-spa.github.io/near-me/area-services/rakabganj-period-pain-relief-massage.html,"noindex,follow"
Area+Service,"Back Comfort Massage in Saadatganj, Lucknow",area-services/saadatganj-back-pain-relief-massage.html,https://lucknow-massage-spa.github.io/near-me/area-services/saadatganj-back-pain-relief-massage.html,"noindex,follow"
Area+Service,"Full Body Relaxation Massage in Saadatganj, Lucknow",area-services/saadatganj-full-body-relaxation-massage.html,https://lucknow-massage-spa.github.io/near-me/area-services/saadatganj-full-body-relaxation-massage.html,"noindex,follow"
Area+Service,"Period Comfort Massage in Saadatganj, Lucknow",area-services/saadatganj-period-pain-relief-massage.html,https://lucknow-massage-spa.github.io/near-me/area-services/saadatganj-period-pain-relief-massage.html,"noindex,follow"
Area+Service,"Back Comfort Massage in Sarfarazganj, Lucknow",area-services/sarfarazganj-back-pain-relief-massage.html,https://lucknow-massage-spa.github.io/near-me/area-services/sarfarazganj-back-pain-relief-massage.html,"noindex,follow"
Area+Service,"Full Body Relaxation Massage in Sarfarazganj, Lucknow",area-services/sarfarazganj-full-body-relaxation-massage.html,https://lucknow-massage-spa.github.io/near-me/area-services/sarfarazganj-full-body-relaxation-massage.html,"noindex,follow"
Area+Service,"Period Comfort Massage in Sarfarazganj, Lucknow",area-services/sarfarazganj-period-pain-relief-massage.html,https://lucknow-massage-spa.github.io/near-me/area-services/sarfarazganj-period-pain-relief-massage.html,"noindex,follow"
Area+Service,"Back Comfort Massage in Sarojini Nagar, Lucknow",area-services/sarojini-nagar-back-pain-relief-massage.html,https://lucknow-massage-spa.github.io/near-me/area-services/sarojini-nagar-back-pain-relief-massage.html,"noindex,follow"
Area+Service,"Full Body Relaxation Massage in Sarojini Nagar, Lucknow",area-services/sarojini-nagar-full-body-relaxation-massage.html,https://lucknow-massage-spa.github.io/near-me/area-services/sarojini-nagar-full-body-relaxation-massage.html,"noindex,follow"
Area+Service,"Period Comfort Massage in Sarojini Nagar, Lucknow",area-services/sarojini-nagar-period-pain-relief-massage.html,https://lucknow-massage-spa.github.io/near-me/area-services/sarojini-nagar-period-pain-relief-massage.html,"noindex,follow"
Area+Service,"Back Comfort Massage in Shaheed Path, Lucknow",area-services/shaheed-path-back-pain-relief-massage.html,https://lucknow-massage-spa.github.io/near-me/area-services/shaheed-path-back-pain-relief-massage.html,"noindex,follow"
Area+Service,"Full Body Relaxation Massage in Shaheed Path, Lucknow",area-services/shaheed-path-full-body-relaxation-massage.html,https://lucknow-massage-spa.github.io/near-me/area-services/shaheed-path-full-body-relaxation-massage.html,"noindex,follow"
Area+Service,"Period Comfort Massage in Shaheed Path, Lucknow",area-services/shaheed-path-period-pain-relief-massage.html,https://lucknow-massage-spa.github.io/near-me/area-services/shaheed-path-period-pain-relief-massage.html,"noindex,follow"
Area+Service,"Back Comfort Massage in Sharda Nagar, Lucknow",area-services/sharda-nagar-back-pain-relief-massage.html,https://lucknow-massage-spa.github.io/near-me/area-services/sharda-nagar-back-pain-relief-massage.html,"noindex,follow"
Area+Service,"Full Body Relaxation Massage in Sharda Nagar, Lucknow",area-services/sharda-nagar-full-body-relaxation-massage.html,https://lucknow-massage-spa.github.io/near-me/area-services/sharda-nagar-full-body-relaxation-massage.html,"noindex,follow"
Area+Service,"Period Comfort Massage in Sharda Nagar, Lucknow",area-services/sharda-nagar-period-pain-relief-massage.html,https://lucknow-massage-spa.github.io/near-me/area-services/sharda-nagar-period-pain-relief-massage.html,"noindex,follow"
Area+Service,"Back Comfort Massage in Shivaji Puram, Lucknow",area-services/shivaji-puram-back-pain-relief-massage.html,https://lucknow-massage-spa.github.io/near-me/area-services/shivaji-puram-back-pain-relief-massage.html,"noindex,follow"
Area+Service,"Full Body Relaxation Massage in Shivaji Puram, Lucknow",area-services/shivaji-puram-full-body-relaxation-massage.html,https://lucknow-massage-spa.github.io/near-me/area-services/shivaji-puram-full-body-relaxation-massage.html,"noindex,follow"
Area+Service,"Period Comfort Massage in Shivaji Puram, Lucknow",area-services/shivaji-puram-period-pain-relief-massage.html,https://lucknow-massage-spa.github.io/near-me/area-services/shivaji-puram-period-pain-relief-massage.html,"noindex,follow"
Area+Service,"Back Comfort Massage in Sitapur Road, Lucknow",area-services/sitapur-road-back-pain-relief-massage.html,https://lucknow-massage-spa.github.io/near-me/area-services/sitapur-road-back-pain-relief-massage.html,"noindex,follow"
Area+Service,"Full Body Relaxation Massage in Sitapur Road, Lucknow",area-services/sitapur-road-full-body-relaxation-massage.html,https://lucknow-massage-spa.github.io/near-me/area-services/sitapur-road-full-body-relaxation-massage.html,"noindex,follow"
Area+Service,"Period Comfort Massage in Sitapur Road, Lucknow",area-services/sitapur-road-period-pain-relief-massage.html,https://lucknow-massage-spa.github.io/near-me/area-services/sitapur-road-period-pain-relief-massage.html,"noindex,follow"
Area+Service,"Back Comfort Massage in South City, Lucknow",area-services/south-city-back-pain-relief-massage.html,https://lucknow-massage-spa.github.io/near-me/area-services/south-city-back-pain-relief-massage.html,"noindex,follow"
Area+Service,"Full Body Relaxation Massage in South City, Lucknow",area-services/south-city-full-body-relaxation-massage.html,https://lucknow-massage-spa.github.io/near-me/area-services/south-city-full-body-relaxation-massage.html,"noindex,follow"
Area+Service,"Period Comfort Massage in South City, Lucknow",area-services/south-city-period-pain-relief-massage.html,https://lucknow-massage-spa.github.io/near-me/area-services/south-city-period-pain-relief-massage.html,"noindex,follow"
Area+Service,"Back Comfort Massage in Sultanpur Road, Lucknow",area-services/sultanpur-road-back-pain-relief-massage.html,https://lucknow-massage-spa.github.io/near-me/area-services/sultanpur-road-back-pain-relief-massage.html,"noindex,follow"
Area+Service,"Full Body Relaxation Massage in Sultanpur Road, Lucknow",area-services/sultanpur-road-full-body-relaxation-massage.html,https://lucknow-massage-spa.github.io/near-me/area-services/sultanpur-road-full-body-relaxation-massage.html,"noindex,follow"
Area+Service,"Period Comfort Massage in Sultanpur Road, Lucknow",area-services/sultanpur-road-period-pain-relief-massage.html,https://lucknow-massage-spa.github.io/near-me/area-services/sultanpur-road-period-pain-relief-massage.html,"noindex,follow"
Area+Service,"Back Comfort Massage in Sushant Golf City, Lucknow",area-services/sushant-golf-city-back-pain-relief-massage.html,https://lucknow-massage-spa.github.io/near-me/area-services/sushant-golf-city-back-pain-relief-massage.html,"noindex,follow"
Area+Service,"Full Body Relaxation Massage in Sushant Golf City, Lucknow",area-services/sushant-golf-city-full-body-relaxation-massage.html,https://lucknow-massage-spa.github.io/near-me/area-services/sushant-golf-city-full-body-relaxation-massage.html,"noindex,follow"
Area+Service,"Period Comfort Massage in Sushant Golf City, Lucknow",area-services/sushant-golf-city-period-pain-relief-massage.html,https://lucknow-massage-spa.github.io/near-me/area-services/sushant-golf-city-period-pain-relief-massage.html,"noindex,follow"
Area+Service,"Back Comfort Massage in Takrohi, Lucknow",area-services/takrohi-back-pain-relief-massage.html,https://lucknow-massage-spa.github.io/near-me/area-services/takrohi-back-pain-relief-massage.html,"noindex,follow"
Area+Service,"Full Body Relaxation Massage in Takrohi, Lucknow",area-services/takrohi-full-body-relaxation-massage.html,https://lucknow-massage-spa.github.io/near-me/area-services/takrohi-full-body-relaxation-massage.html,"noindex,follow"
Area+Service,"Period Comfort Massage in Takrohi, Lucknow",area-services/takrohi-period-pain-relief-massage.html,https://lucknow-massage-spa.github.io/near-me/area-services/takrohi-period-pain-relief-massage.html,"noindex,follow"
Area+Service,"Back Comfort Massage in Telibagh, Lucknow",area-services/telibagh-back-pain-relief-massage.html,https://lucknow-massage-spa.github.io/near-me/area-services/telibagh-back-pain-relief-massage.html,"noindex,follow"
Area+Service,"Full Body Relaxation Massage in Telibagh, Lucknow",area-services/telibagh-full-body-relaxation-massage.html,https://lucknow-massage-spa.github.io/near-me/area-services/telibagh-full-body-relaxation-massage.html,"noindex,follow"
Area+Service,"Period Comfort Massage in Telibagh, Lucknow",area-services/telibagh-period-pain-relief-massage.html,https://lucknow-massage-spa.github.io/near-me/area-services/telibagh-period-pain-relief-massage.html,"noindex,follow"
Area+Service,"Back Comfort Massage in Thakurganj, Lucknow",area-services/thakurganj-back-pain-relief-massage.html,https://lucknow-massage-spa.github.io/near-me/area-services/thakurganj-back-pain-relief-massage.html,"noindex,follow"
Area+Service,"Full Body Relaxation Massage in Thakurganj, Lucknow",area-services/thakurganj-full-body-relaxation-massage.html,https://lucknow-massage-spa.github.io/near-me/area-services/thakurganj-full-body-relaxation-massage.html,"noindex,follow"
Area+Service,"Period Comfort Massage in Thakurganj, Lucknow",area-services/thakurganj-period-pain-relief-massage.html,https://lucknow-massage-spa.github.io/near-me/area-services/thakurganj-period-pain-relief-massage.html,"noindex,follow"
Area+Service,"Back Comfort Massage in Transport Nagar, Lucknow",area-services/transport-nagar-back-pain-relief-massage.html,https://lucknow-massage-spa.github.io/near-me/area-services/transport-nagar-back-pain-relief-massage.html,"noindex,follow"
Area+Service,"Full Body Relaxation Massage in Transport Nagar, Lucknow",area-services/transport-nagar-full-body-relaxation-massage.html,https://lucknow-massage-spa.github.io/near-me/area-services/transport-nagar-full-body-relaxation-massage.html,"noindex,follow"
Area+Service,"Period Comfort Massage in Transport Nagar, Lucknow",area-services/transport-nagar-period-pain-relief-massage.html,https://lucknow-massage-spa.github.io/near-me/area-services/transport-nagar-period-pain-relief-massage.html,"noindex,follow"
Area+Service,"Back Comfort Massage in Triveni Nagar, Lucknow",area-services/triveni-nagar-back-pain-relief-massage.html,https://lucknow-massage-spa.github.io/near-me/area-services/triveni-nagar-back-pain-relief-massage.html,"noindex,follow"
Area+Service,"Full Body Relaxation Massage in Triveni Nagar, Lucknow",area-services/triveni-nagar-full-body-relaxation-massage.html,https://lucknow-massage-spa.github.io/near-me/area-services/triveni-nagar-full-body-relaxation-massage.html,"noindex,follow"
Area+Service,"Period Comfort Massage in Triveni Nagar, Lucknow",area-services/triveni-nagar-period-pain-relief-massage.html,https://lucknow-massage-spa.github.io/near-me/area-services/triveni-nagar-period-pain-relief-massage.html,"noindex,follow"
Area+Service,"Back Comfort Massage in Vasant Kunj, Lucknow",area-services/vasant-kunj-back-pain-relief-massage.html,https://lucknow-massage-spa.github.io/near-me/area-services/vasant-kunj-back-pain-relief-massage.html,"noindex,follow"
Area+Service,"Full Body Relaxation Massage in Vasant Kunj, Lucknow",area-services/vasant-kunj-full-body-relaxation-massage.html,https://lucknow-massage-spa.github.io/near-me/area-services/vasant-kunj-full-body-relaxation-massage.html,"noindex,follow"
Area+Service,"Period Comfort Massage in Vasant Kunj, Lucknow",area-services/vasant-kunj-period-pain-relief-massage.html,https://lucknow-massage-spa.github.io/near-me/area-services/vasant-kunj-period-pain-relief-massage.html,"noindex,follow"
Area+Service,"Back Comfort Massage in Vibhuti Khand, Lucknow",area-services/vibhuti-khand-back-pain-relief-massage.html,https://lucknow-massage-spa.github.io/near-me/area-services/vibhuti-khand-back-pain-relief-massage.html,"noindex,follow"
Area+Service,"Full Body Relaxation Massage in Vibhuti Khand, Lucknow",area-services/vibhuti-khand-full-body-relaxation-massage.html,https://lucknow-massage-spa.github.io/near-me/area-services/vibhuti-khand-full-body-relaxation-massage.html,"noindex,follow"
Area+Service,"Period Comfort Massage in Vibhuti Khand, Lucknow",area-services/vibhuti-khand-period-pain-relief-massage.html,https://lucknow-massage-spa.github.io/near-me/area-services/vibhuti-khand-period-pain-relief-massage.html,"noindex,follow"
Area+Service,"Back Comfort Massage in Vijayant Khand, Lucknow",area-services/vijayant-khand-back-pain-relief-massage.html,https://lucknow-massage-spa.github.io/near-me/area-services/vijayant-khand-back-pain-relief-massage.html,"noindex,follow"
Area+Service,"Full Body Relaxation Massage in Vijayant Khand, Lucknow",area-services/vijayant-khand-full-body-relaxation-massage.html,https://lucknow-massage-spa.github.io/near-me/area-services/vijayant-khand-full-body-relaxation-massage.html,"noindex,follow"
Area+Service,"Period Comfort Massage in Vijayant Khand, Lucknow",area-services/vijayant-khand-period-pain-relief-massage.html,https://lucknow-massage-spa.github.io/near-me/area-services/vijayant-khand-period-pain-relief-massage.html,"noindex,follow"
Area+Service,"Back Comfort Massage in Vikas Nagar, Lucknow",area-services/vikas-nagar-back-pain-relief-massage.html,https://lucknow-massage-spa.github.io/near-me/area-services/vikas-nagar-back-pain-relief-massage.html,"noindex,follow"
Area+Service,"Full Body Relaxation Massage in Vikas Nagar, Lucknow",area-services/vikas-nagar-full-body-relaxation-massage.html,https://lucknow-massage-spa.github.io/near-me/area-services/vikas-nagar-full-body-relaxation-massage.html,"noindex,follow"
Area+Service,"Period Comfort Massage in Vikas Nagar, Lucknow",area-services/vikas-nagar-period-pain-relief-massage.html,https://lucknow-massage-spa.github.io/near-me/area-services/vikas-nagar-period-pain-relief-massage.html,"noindex,follow"
Area+Service,"Back Comfort Massage in Vikrant Khand, Lucknow",area-services/vikrant-khand-back-pain-relief-massage.html,https://lucknow-massage-spa.github.io/near-me/area-services/vikrant-khand-back-pain-relief-massage.html,"noindex,follow"
Area+Service,"Full Body Relaxation Massage in Vikrant Khand, Lucknow",area-services/vikrant-khand-full-body-relaxation-massage.html,https://lucknow-massage-spa.github.io/near-me/area-services/vikrant-khand-full-body-relaxation-massage.html,"noindex,follow"
Area+Service,"Period Comfort Massage in Vikrant Khand, Lucknow",area-services/vikrant-khand-period-pain-relief-massage.html,https://lucknow-massage-spa.github.io/near-me/area-services/vikrant-khand-period-pain-relief-massage.html,"noindex,follow"
Area+Service,"Back Comfort Massage in Vinay Khand, Lucknow",area-services/vinay-khand-back-pain-relief-massage.html,https://lucknow-massage-spa.github.io/near-me/area-services/vinay-khand-back-pain-relief-massage.html,"noindex,follow"
Area+Service,"Full Body Relaxation Massage in Vinay Khand, Lucknow",area-services/vinay-khand-full-body-relaxation-massage.html,https://lucknow-massage-spa.github.io/near-me/area-services/vinay-khand-full-body-relaxation-massage.html,"noindex,follow"
Area+Service,"Period Comfort Massage in Vinay Khand, Lucknow",area-services/vinay-khand-period-pain-relief-massage.html,https://lucknow-massage-spa.github.io/near-me/area-services/vinay-khand-period-pain-relief-massage.html,"noindex,follow"
Area+Service,"Back Comfort Massage in Vipin Khand, Lucknow",area-services/vipin-khand-back-pain-relief-massage.html,https://lucknow-massage-spa.github.io/near-me/area-services/vipin-khand-back-pain-relief-massage.html,"noindex,follow"
Area+Service,"Full Body Relaxation Massage in Vipin Khand, Lucknow",area-services/vipin-khand-full-body-relaxation-massage.html,https://lucknow-massage-spa.github.io/near-me/area-services/vipin-khand-full-body-relaxation-massage.html,"noindex,follow"
Area+Service,"Period Comfort Massage in Vipin Khand, Lucknow",area-services/vipin-khand-period-pain-relief-massage.html,https://lucknow-massage-spa.github.io/near-me/area-services/vipin-khand-period-pain-relief-massage.html,"noindex,follow"
Area+Service,"Back Comfort Massage in Vipul Khand, Lucknow",area-services/vipul-khand-back-pain-relief-massage.html,https://lucknow-massage-spa.github.io/near-me/area-services/vipul-khand-back-pain-relief-massage.html,"noindex,follow"
Area+Service,"Full Body Relaxation Massage in Vipul Khand, Lucknow",area-services/vipul-khand-full-body-relaxation-massage.html,https://lucknow-massage-spa.github.io/near-me/area-services/vipul-khand-full-body-relaxation-massage.html,"noindex,follow"
Area+Service,"Period Comfort Massage in Vipul Khand, Lucknow",area-services/vipul-khand-period-pain-relief-massage.html,https://lucknow-massage-spa.github.io/near-me/area-services/vipul-khand-period-pain-relief-massage.html,"noindex,follow"
Area+Service,"Back Comfort Massage in Viraj Khand, Lucknow",area-services/viraj-khand-back-pain-relief-massage.html,https://lucknow-massage-spa.github.io/near-me/area-services/viraj-khand-back-pain-relief-massage.html,"noindex,follow"
Area+Service,"Full Body Relaxation Massage in Viraj Khand, Lucknow",area-services/viraj-khand-full-body-relaxation-massage.html,https://lucknow-massage-spa.github.io/near-me/area-services/viraj-khand-full-body-relaxation-massage.html,"noindex,follow"
Area+Service,"Period Comfort Massage in Viraj Khand, Lucknow",area-services/viraj-khand-period-pain-relief-massage.html,https://lucknow-massage-spa.github.io/near-me/area-services/viraj-khand-period-pain-relief-massage.html,"noindex,follow"
Area+Service,"Back Comfort Massage in Vrindavan Yojna, Lucknow",area-services/vrindavan-yojna-back-pain-relief-massage.html,https://lucknow-massage-spa.github.io/near-me/area-services/vrindavan-yojna-back-pain-relief-massage.html,"noindex,follow"
Area+Service,"Full Body Relaxation Massage in Vrindavan Yojna, Lucknow",area-services/vrindavan-yojna-full-body-relaxation-massage.html,https://lucknow-massage-spa.github.io/near-me/area-services/vrindavan-yojna-full-body-relaxation-massage.html,"noindex,follow"
Area+Service,"Period Comfort Massage in Vrindavan Yojna, Lucknow",area-services/vrindavan-yojna-period-pain-relief-massage.html,https://lucknow-massage-spa.github.io/near-me/area-services/vrindavan-yojna-period-pain-relief-massage.html,"noindex,follow"
Area+Service,"Back Comfort Massage in Wazirganj, Lucknow",area-services/wazirganj-back-pain-relief-massage.html,https://lucknow-massage-spa.github.io/near-me/area-services/wazirganj-back-pain-relief-massage.html,"noindex,follow"
Area+Service,"Full Body Relaxation Massage in Wazirganj, Lucknow",area-services/wazirganj-full-body-relaxation-massage.html,https://lucknow-massage-spa.github.io/near-me/area-services/wazirganj-full-body-relaxation-massage.html,"noindex,follow"
Area+Service,"Period Comfort Massage in Wazirganj, Lucknow",area-services/wazirganj-period-pain-relief-massage.html,https://lucknow-massage-spa.github.io/near-me/area-services/wazirganj-period-pain-relief-massage.html,"noindex,follow"
Area+Service,"Back Comfort Massage in Yahiyaganj, Lucknow",area-services/yahiyaganj-back-pain-relief-massage.html,https://lucknow-massage-spa.github.io/near-me/area-services/yahiyaganj-back-pain-relief-massage.html,"noindex,follow"
Area+Service,"Full Body Relaxation Massage in Yahiyaganj, Lucknow",area-services/yahiyaganj-full-body-relaxation-massage.html,https://lucknow-massage-spa.github.io/near-me/area-services/yahiyaganj-full-body-relaxation-massage.html,"noindex,follow"
Area+Service,"Period Comfort Massage in Yahiyaganj, Lucknow",area-services/yahiyaganj-period-pain-relief-massage.html,https://lucknow-massage-spa.github.io/near-me/area-services/yahiyaganj-period-pain-relief-massage.html,"noindex,follow"
Area,"Female Wellness Therapist in Adil Nagar, Lucknow",areas/adil-nagar-home-massage.html,https://lucknow-massage-spa.github.io/near-me/areas/adil-nagar-home-massage.html,"index,follow"
Area,"Female Wellness Therapist in Alambagh, Lucknow",areas/alambagh-home-massage.html,https://lucknow-massage-spa.github.io/near-me/areas/alambagh-home-massage.html,"index,follow"
Area,"Female Wellness Therapist in Alamnagar, Lucknow",areas/alamnagar-home-massage.html,https://lucknow-massage-spa.github.io/near-me/areas/alamnagar-home-massage.html,"index,follow"
Area,"Female Wellness Therapist in Aliganj, Lucknow",areas/aliganj-home-massage.html,https://lucknow-massage-spa.github.io/near-me/areas/aliganj-home-massage.html,"index,follow"
Area,"Female Wellness Therapist in Amar Shaheed Path, Lucknow",areas/amar-shaheed-path-home-massage.html,https://lucknow-massage-spa.github.io/near-me/areas/amar-shaheed-path-home-massage.html,"index,follow"
Area,"Female Wellness Therapist in Amausi, Lucknow",areas/amausi-home-massage.html,https://lucknow-massage-spa.github.io/near-me/areas/amausi-home-massage.html,"index,follow"
Area,"Female Wellness Therapist in Aminabad, Lucknow",areas/aminabad-home-massage.html,https://lucknow-massage-spa.github.io/near-me/areas/aminabad-home-massage.html,"index,follow"
Area,"Female Wellness Therapist in Arjunganj, Lucknow",areas/arjunganj-home-massage.html,https://lucknow-massage-spa.github.io/near-me/areas/arjunganj-home-massage.html,"index,follow"
Area,"Female Wellness Therapist in Ashiyana Colony, Lucknow",areas/ashiyana-colony-home-massage.html,https://lucknow-massage-spa.github.io/near-me/areas/ashiyana-colony-home-massage.html,"index,follow"
Area,"Female Wellness Therapist in Ashiyana, Lucknow",areas/ashiyana-home-massage.html,https://lucknow-massage-spa.github.io/near-me/areas/ashiyana-home-massage.html,"index,follow"
Area,"Female Wellness Therapist in Bakshi Ka Talab, Lucknow",areas/bakshi-ka-talab-home-massage.html,https://lucknow-massage-spa.github.io/near-me/areas/bakshi-ka-talab-home-massage.html,"index,follow"
Area,"Female Wellness Therapist in Balaganj, Lucknow",areas/balaganj-home-massage.html,https://lucknow-massage-spa.github.io/near-me/areas/balaganj-home-massage.html,"index,follow"
Area,"Female Wellness Therapist in Bangla Bazar, Lucknow",areas/bangla-bazar-home-massage.html,https://lucknow-massage-spa.github.io/near-me/areas/bangla-bazar-home-massage.html,"index,follow"
Area,"Female Wellness Therapist in Bijnor, Lucknow",areas/bijnor-home-massage.html,https://lucknow-massage-spa.github.io/near-me/areas/bijnor-home-massage.html,"index,follow"
Area,"Female Wellness Therapist in Butler Colony, Lucknow",areas/butler-colony-home-massage.html,https://lucknow-massage-spa.github.io/near-me/areas/butler-colony-home-massage.html,"index,follow"
Area,"Female Wellness Therapist in Cantonment, Lucknow",areas/cantonment-home-massage.html,https://lucknow-massage-spa.github.io/near-me/areas/cantonment-home-massage.html,"index,follow"
Area,"Female Wellness Therapist in Chandganj, Lucknow",areas/chandganj-home-massage.html,https://lucknow-massage-spa.github.io/near-me/areas/chandganj-home-massage.html,"index,follow"
Area,"Female Wellness Therapist in Charbagh, Lucknow",areas/charbagh-home-massage.html,https://lucknow-massage-spa.github.io/near-me/areas/charbagh-home-massage.html,"index,follow"
Area,"Female Wellness Therapist in Chinhat, Lucknow",areas/chinhat-home-massage.html,https://lucknow-massage-spa.github.io/near-me/areas/chinhat-home-massage.html,"index,follow"
Area,"Female Wellness Therapist in Chowk, Lucknow",areas/chowk-home-massage.html,https://lucknow-massage-spa.github.io/near-me/areas/chowk-home-massage.html,"index,follow"
Area,"Female Wellness Therapist in Civil Lines, Lucknow",areas/civil-lines-home-massage.html,https://lucknow-massage-spa.github.io/near-me/areas/civil-lines-home-massage.html,"index,follow"
Area,"Female Wellness Therapist in Daliganj, Lucknow",areas/daliganj-home-massage.html,https://lucknow-massage-spa.github.io/near-me/areas/daliganj-home-massage.html,"index,follow"
Area,"Female Wellness Therapist in Deva Road, Lucknow",areas/deva-road-home-massage.html,https://lucknow-massage-spa.github.io/near-me/areas/deva-road-home-massage.html,"index,follow"
Area,"Female Wellness Therapist in Dilkusha, Lucknow",areas/dilkusha-home-massage.html,https://lucknow-massage-spa.github.io/near-me/areas/dilkusha-home-massage.html,"index,follow"
Area,"Female Wellness Therapist in Faizabad Road, Lucknow",areas/faizabad-road-home-massage.html,https://lucknow-massage-spa.github.io/near-me/areas/faizabad-road-home-massage.html,"index,follow"
Area,"Female Wellness Therapist in Fazullaganj, Lucknow",areas/fazullaganj-home-massage.html,https://lucknow-massage-spa.github.io/near-me/areas/fazullaganj-home-massage.html,"index,follow"
Area,"Female Wellness Therapist in Ganeshganj, Lucknow",areas/ganeshganj-home-massage.html,https://lucknow-massage-spa.github.io/near-me/areas/ganeshganj-home-massage.html,"index,follow"
Area,"Female Wellness Therapist in Gokhale Marg, Lucknow",areas/gokhale-marg-home-massage.html,https://lucknow-massage-spa.github.io/near-me/areas/gokhale-marg-home-massage.html,"index,follow"
Area,"Female Wellness Therapist in Golaganj, Lucknow",areas/golaganj-home-massage.html,https://lucknow-massage-spa.github.io/near-me/areas/golaganj-home-massage.html,"index,follow"
Area,"Female Wellness Therapist in Gomti Nagar Extension, Lucknow",areas/gomti-nagar-extension-home-massage.html,https://lucknow-massage-spa.github.io/near-me/areas/gomti-nagar-extension-home-massage.html,"index,follow"
Area,"Female Wellness Therapist in Gomti Nagar, Lucknow",areas/gomti-nagar-home-massage.html,https://lucknow-massage-spa.github.io/near-me/areas/gomti-nagar-home-massage.html,"index,follow"
Area,"Female Wellness Therapist in Gosainganj, Lucknow",areas/gosainganj-home-massage.html,https://lucknow-massage-spa.github.io/near-me/areas/gosainganj-home-massage.html,"index,follow"
Area,"Female Wellness Therapist in HAL Colony, Lucknow",areas/hal-colony-home-massage.html,https://lucknow-massage-spa.github.io/near-me/areas/hal-colony-home-massage.html,"index,follow"
Area,"Female Wellness Therapist in Hardoi Road, Lucknow",areas/hardoi-road-home-massage.html,https://lucknow-massage-spa.github.io/near-me/areas/hardoi-road-home-massage.html,"index,follow"
Area,"Female Wellness Therapist in Hazratganj, Lucknow",areas/hazratganj-home-massage.html,https://lucknow-massage-spa.github.io/near-me/areas/hazratganj-home-massage.html,"index,follow"
Area,"Female Wellness Therapist in Husainabad, Lucknow",areas/husainabad-home-massage.html,https://lucknow-massage-spa.github.io/near-me/areas/husainabad-home-massage.html,"index,follow"
Area,"Female Wellness Therapist in Husainganj, Lucknow",areas/husainganj-home-massage.html,https://lucknow-massage-spa.github.io/near-me/areas/husainganj-home-massage.html,"index,follow"
Area,"Female Wellness Therapist in IIM Road, Lucknow",areas/iim-road-home-massage.html,https://lucknow-massage-spa.github.io/near-me/areas/iim-road-home-massage.html,"index,follow"
Areas Hub,Female Home Wellness Enquiries Across Lucknow,areas/index.html,https://lucknow-massage-spa.github.io/near-me/areas/,"index,follow"
Area,"Female Wellness Therapist in Indira Nagar, Lucknow",areas/indira-nagar-home-massage.html,https://lucknow-massage-spa.github.io/near-me/areas/indira-nagar-home-massage.html,"index,follow"
Area,"Female Wellness Therapist in Jankipuram Extension, Lucknow",areas/jankipuram-extension-home-massage.html,https://lucknow-massage-spa.github.io/near-me/areas/jankipuram-extension-home-massage.html,"index,follow"
Area,"Female Wellness Therapist in Jankipuram, Lucknow",areas/jankipuram-home-massage.html,https://lucknow-massage-spa.github.io/near-me/areas/jankipuram-home-massage.html,"index,follow"
Area,"Female Wellness Therapist in Jankipuram Vistar, Lucknow",areas/jankipuram-vistar-home-massage.html,https://lucknow-massage-spa.github.io/near-me/areas/jankipuram-vistar-home-massage.html,"index,follow"
Area,"Female Wellness Therapist in Jopling Road, Lucknow",areas/jopling-road-home-massage.html,https://lucknow-massage-spa.github.io/near-me/areas/jopling-road-home-massage.html,"index,follow"
Area,"Female Wellness Therapist in Kakori, Lucknow",areas/kakori-home-massage.html,https://lucknow-massage-spa.github.io/near-me/areas/kakori-home-massage.html,"index,follow"
Area,"Female Wellness Therapist in Kalyanpur East, Lucknow",areas/kalyanpur-east-home-massage.html,https://lucknow-massage-spa.github.io/near-me/areas/kalyanpur-east-home-massage.html,"index,follow"
Area,"Female Wellness Therapist in Kalyanpur West, Lucknow",areas/kalyanpur-west-home-massage.html,https://lucknow-massage-spa.github.io/near-me/areas/kalyanpur-west-home-massage.html,"index,follow"
Area,"Female Wellness Therapist in Kamta, Lucknow",areas/kamta-home-massage.html,https://lucknow-massage-spa.github.io/near-me/areas/kamta-home-massage.html,"index,follow"
Area,"Female Wellness Therapist in Kanpur Road, Lucknow",areas/kanpur-road-home-massage.html,https://lucknow-massage-spa.github.io/near-me/areas/kanpur-road-home-massage.html,"index,follow"
Area,"Female Wellness Therapist in Kapoorthala, Lucknow",areas/kapoorthala-home-massage.html,https://lucknow-massage-spa.github.io/near-me/areas/kapoorthala-home-massage.html,"index,follow"
Area,"Female Wellness Therapist in Khurram Nagar, Lucknow",areas/khurram-nagar-home-massage.html,https://lucknow-massage-spa.github.io/near-me/areas/khurram-nagar-home-massage.html,"index,follow"
Area,"Female Wellness Therapist in Krishna Nagar, Lucknow",areas/krishna-nagar-home-massage.html,https://lucknow-massage-spa.github.io/near-me/areas/krishna-nagar-home-massage.html,"index,follow"
Area,"Female Wellness Therapist in Kursi Road, Lucknow",areas/kursi-road-home-massage.html,https://lucknow-massage-spa.github.io/near-me/areas/kursi-road-home-massage.html,"index,follow"
Area,"Female Wellness Therapist in Lalbagh, Lucknow",areas/lalbagh-home-massage.html,https://lucknow-massage-spa.github.io/near-me/areas/lalbagh-home-massage.html,"index,follow"
Area,"Female Wellness Therapist in LDA Colony, Lucknow",areas/lda-colony-home-massage.html,https://lucknow-massage-spa.github.io/near-me/areas/lda-colony-home-massage.html,"index,follow"
Area,"Female Wellness Therapist in Madiyanva, Lucknow",areas/madiyanva-home-massage.html,https://lucknow-massage-spa.github.io/near-me/areas/madiyanva-home-massage.html,"index,follow"
Area,"Female Wellness Therapist in Mahanagar, Lucknow",areas/mahanagar-home-massage.html,https://lucknow-massage-spa.github.io/near-me/areas/mahanagar-home-massage.html,"index,follow"
Area,"Female Wellness Therapist in Malihabad, Lucknow",areas/malihabad-home-massage.html,https://lucknow-massage-spa.github.io/near-me/areas/malihabad-home-massage.html,"index,follow"
Area,"Female Wellness Therapist in Manas Nagar, Lucknow",areas/manas-nagar-home-massage.html,https://lucknow-massage-spa.github.io/near-me/areas/manas-nagar-home-massage.html,"index,follow"
Area,"Female Wellness Therapist in Matiyari, Lucknow",areas/matiyari-home-massage.html,https://lucknow-massage-spa.github.io/near-me/areas/matiyari-home-massage.html,"index,follow"
Area,"Female Wellness Therapist in Mohanlalganj, Lucknow",areas/mohanlalganj-home-massage.html,https://lucknow-massage-spa.github.io/near-me/areas/mohanlalganj-home-massage.html,"index,follow"
Area,"Female Wellness Therapist in Naka Hindola, Lucknow",areas/naka-hindola-home-massage.html,https://lucknow-massage-spa.github.io/near-me/areas/naka-hindola-home-massage.html,"index,follow"
Area,"Female Wellness Therapist in New Hyderabad, Lucknow",areas/new-hyderabad-home-massage.html,https://lucknow-massage-spa.github.io/near-me/areas/new-hyderabad-home-massage.html,"index,follow"
Area,"Female Wellness Therapist in Nilmatha, Lucknow",areas/nilmatha-home-massage.html,https://lucknow-massage-spa.github.io/near-me/areas/nilmatha-home-massage.html,"index,follow"
Area,"Female Wellness Therapist in Nirala Nagar, Lucknow",areas/nirala-nagar-home-massage.html,https://lucknow-massage-spa.github.io/near-me/areas/nirala-nagar-home-massage.html,"index,follow"
Area,"Female Wellness Therapist in Nishatganj, Lucknow",areas/nishatganj-home-massage.html,https://lucknow-massage-spa.github.io/near-me/areas/nishatganj-home-massage.html,"index,follow"
Area,"Female Wellness Therapist in Omaxe City, Lucknow",areas/omaxe-city-home-massage.html,https://lucknow-massage-spa.github.io/near-me/areas/omaxe-city-home-massage.html,"index,follow"
Area,"Female Wellness Therapist in Para, Lucknow",areas/para-home-massage.html,https://lucknow-massage-spa.github.io/near-me/areas/para-home-massage.html,"index,follow"
Area,"Female Wellness Therapist in Preeti Nagar, Lucknow",areas/preeti-nagar-home-massage.html,https://lucknow-massage-spa.github.io/near-me/areas/preeti-nagar-home-massage.html,"index,follow"
Area,"Female Wellness Therapist in Qaiserbagh, Lucknow",areas/qaiserbagh-home-massage.html,https://lucknow-massage-spa.github.io/near-me/areas/qaiserbagh-home-massage.html,"index,follow"
Area,"Female Wellness Therapist in Raebareli Road, Lucknow",areas/raebareli-road-home-massage.html,https://lucknow-massage-spa.github.io/near-me/areas/raebareli-road-home-massage.html,"index,follow"
Area,"Female Wellness Therapist in Rajajipuram, Lucknow",areas/rajajipuram-home-massage.html,https://lucknow-massage-spa.github.io/near-me/areas/rajajipuram-home-massage.html,"index,follow"
Area,"Female Wellness Therapist in Rajendra Nagar, Lucknow",areas/rajendra-nagar-home-massage.html,https://lucknow-massage-spa.github.io/near-me/areas/rajendra-nagar-home-massage.html,"index,follow"
Area,"Female Wellness Therapist in Rakabganj, Lucknow",areas/rakabganj-home-massage.html,https://lucknow-massage-spa.github.io/near-me/areas/rakabganj-home-massage.html,"index,follow"
Area,"Female Wellness Therapist in Saadatganj, Lucknow",areas/saadatganj-home-massage.html,https://lucknow-massage-spa.github.io/near-me/areas/saadatganj-home-massage.html,"index,follow"
Area,"Female Wellness Therapist in Sarfarazganj, Lucknow",areas/sarfarazganj-home-massage.html,https://lucknow-massage-spa.github.io/near-me/areas/sarfarazganj-home-massage.html,"index,follow"
Area,"Female Wellness Therapist in Sarojini Nagar, Lucknow",areas/sarojini-nagar-home-massage.html,https://lucknow-massage-spa.github.io/near-me/areas/sarojini-nagar-home-massage.html,"index,follow"
Area,"Female Wellness Therapist in Shaheed Path, Lucknow",areas/shaheed-path-home-massage.html,https://lucknow-massage-spa.github.io/near-me/areas/shaheed-path-home-massage.html,"index,follow"
Area,"Female Wellness Therapist in Sharda Nagar, Lucknow",areas/sharda-nagar-home-massage.html,https://lucknow-massage-spa.github.io/near-me/areas/sharda-nagar-home-massage.html,"index,follow"
Area,"Female Wellness Therapist in Shivaji Puram, Lucknow",areas/shivaji-puram-home-massage.html,https://lucknow-massage-spa.github.io/near-me/areas/shivaji-puram-home-massage.html,"index,follow"
Area,"Female Wellness Therapist in Sitapur Road, Lucknow",areas/sitapur-road-home-massage.html,https://lucknow-massage-spa.github.io/near-me/areas/sitapur-road-home-massage.html,"index,follow"
Area,"Female Wellness Therapist in South City, Lucknow",areas/south-city-home-massage.html,https://lucknow-massage-spa.github.io/near-me/areas/south-city-home-massage.html,"index,follow"
Area,"Female Wellness Therapist in Sultanpur Road, Lucknow",areas/sultanpur-road-home-massage.html,https://lucknow-massage-spa.github.io/near-me/areas/sultanpur-road-home-massage.html,"index,follow"
Area,"Female Wellness Therapist in Sushant Golf City, Lucknow",areas/sushant-golf-city-home-massage.html,https://lucknow-massage-spa.github.io/near-me/areas/sushant-golf-city-home-massage.html,"index,follow"
Area,"Female Wellness Therapist in Takrohi, Lucknow",areas/takrohi-home-massage.html,https://lucknow-massage-spa.github.io/near-me/areas/takrohi-home-massage.html,"index,follow"
Area,"Female Wellness Therapist in Telibagh, Lucknow",areas/telibagh-home-massage.html,https://lucknow-massage-spa.github.io/near-me/areas/telibagh-home-massage.html,"index,follow"
Area,"Female Wellness Therapist in Thakurganj, Lucknow",areas/thakurganj-home-massage.html,https://lucknow-massage-spa.github.io/near-me/areas/thakurganj-home-massage.html,"index,follow"
Area,"Female Wellness Therapist in Transport Nagar, Lucknow",areas/transport-nagar-home-massage.html,https://lucknow-massage-spa.github.io/near-me/areas/transport-nagar-home-massage.html,"index,follow"
Area,"Female Wellness Therapist in Triveni Nagar, Lucknow",areas/triveni-nagar-home-massage.html,https://lucknow-massage-spa.github.io/near-me/areas/triveni-nagar-home-massage.html,"index,follow"
Area,"Female Wellness Therapist in Vasant Kunj, Lucknow",areas/vasant-kunj-home-massage.html,https://lucknow-massage-spa.github.io/near-me/areas/vasant-kunj-home-massage.html,"index,follow"
Area,"Female Wellness Therapist in Vibhuti Khand, Lucknow",areas/vibhuti-khand-home-massage.html,https://lucknow-massage-spa.github.io/near-me/areas/vibhuti-khand-home-massage.html,"index,follow"
Area,"Female Wellness Therapist in Vijayant Khand, Lucknow",areas/vijayant-khand-home-massage.html,https://lucknow-massage-spa.github.io/near-me/areas/vijayant-khand-home-massage.html,"index,follow"
Area,"Female Wellness Therapist in Vikas Nagar, Lucknow",areas/vikas-nagar-home-massage.html,https://lucknow-massage-spa.github.io/near-me/areas/vikas-nagar-home-massage.html,"index,follow"
Area,"Female Wellness Therapist in Vikrant Khand, Lucknow",areas/vikrant-khand-home-massage.html,https://lucknow-massage-spa.github.io/near-me/areas/vikrant-khand-home-massage.html,"index,follow"
Area,"Female Wellness Therapist in Vinay Khand, Lucknow",areas/vinay-khand-home-massage.html,https://lucknow-massage-spa.github.io/near-me/areas/vinay-khand-home-massage.html,"index,follow"
Area,"Female Wellness Therapist in Vipin Khand, Lucknow",areas/vipin-khand-home-massage.html,https://lucknow-massage-spa.github.io/near-me/areas/vipin-khand-home-massage.html,"index,follow"
Area,"Female Wellness Therapist in Vipul Khand, Lucknow",areas/vipul-khand-home-massage.html,https://lucknow-massage-spa.github.io/near-me/areas/vipul-khand-home-massage.html,"index,follow"
Area,"Female Wellness Therapist in Viraj Khand, Lucknow",areas/viraj-khand-home-massage.html,https://lucknow-massage-spa.github.io/near-me/areas/viraj-khand-home-massage.html,"index,follow"
Area,"Female Wellness Therapist in Vrindavan Yojna, Lucknow",areas/vrindavan-yojna-home-massage.html,https://lucknow-massage-spa.github.io/near-me/areas/vrindavan-yojna-home-massage.html,"index,follow"
Area,"Female Wellness Therapist in Wazirganj, Lucknow",areas/wazirganj-home-massage.html,https://lucknow-massage-spa.github.io/near-me/areas/wazirganj-home-massage.html,"index,follow"
Area,"Female Wellness Therapist in Yahiyaganj, Lucknow",areas/yahiyaganj-home-massage.html,https://lucknow-massage-spa.github.io/near-me/areas/yahiyaganj-home-massage.html,"index,follow"
Blog,5 Safety Questions About Relaxation Massage During Periods,blog/blog-5-benefits-of-anti-stress-massage-for-period-pain.html,https://lucknow-massage-spa.github.io/near-me/blog/blog-5-benefits-of-anti-stress-massage-for-period-pain.html,"index,follow"
Blog,5 Safety Questions About Aromatherapy Massage During Periods,blog/blog-5-benefits-of-aromatherapy-massage-for-period-pain.html,https://lucknow-massage-spa.github.io/near-me/blog/blog-5-benefits-of-aromatherapy-massage-for-period-pain.html,"index,follow"
Blog,5 Safety Questions About Back Comfort Massage During Periods,blog/blog-5-benefits-of-back-pain-relief-massage-for-period-pain.html,https://lucknow-massage-spa.github.io/near-me/blog/blog-5-benefits-of-back-pain-relief-massage-for-period-pain.html,"index,follow"
Blog,5 Safety Questions About Full Body Comfort Massage During Periods,blog/blog-5-benefits-of-body-pain-relief-massage-for-period-pain.html,https://lucknow-massage-spa.github.io/near-me/blog/blog-5-benefits-of-body-pain-relief-massage-for-period-pain.html,"index,follow"
Blog,5 Safety Questions About Gentle Comfort Massage During Periods,blog/blog-5-benefits-of-cramps-relief-massage-for-period-pain.html,https://lucknow-massage-spa.github.io/near-me/blog/blog-5-benefits-of-cramps-relief-massage-for-period-pain.html,"index,follow"
Blog,5 Safety Questions About Deep Tissue Massage During Periods,blog/blog-5-benefits-of-deep-tissue-massage-for-period-pain.html,https://lucknow-massage-spa.github.io/near-me/blog/blog-5-benefits-of-deep-tissue-massage-for-period-pain.html,"index,follow"
Blog,5 Safety Questions About Foot Relaxation Massage During Periods,blog/blog-5-benefits-of-foot-reflexology-for-period-pain.html,https://lucknow-massage-spa.github.io/near-me/blog/blog-5-benefits-of-foot-reflexology-for-period-pain.html,"index,follow"
Blog,5 Safety Questions About Full Body Relaxation Massage During Periods,blog/blog-5-benefits-of-full-body-relaxation-massage-for-period-pain.html,https://lucknow-massage-spa.github.io/near-me/blog/blog-5-benefits-of-full-body-relaxation-massage-for-period-pain.html,"index,follow"
Blog,5 Safety Questions About Head & Neck Relaxation Massage During Periods,blog/blog-5-benefits-of-head-and-neck-massage-for-period-pain.html,https://lucknow-massage-spa.github.io/near-me/blog/blog-5-benefits-of-head-and-neck-massage-for-period-pain.html,"index,follow"
Blog,5 Safety Questions About Home Physiotherapy & Mobility Support During Periods,blog/blog-5-benefits-of-home-physiotherapy-for-period-pain.html,https://lucknow-massage-spa.github.io/near-me/blog/blog-5-benefits-of-home-physiotherapy-for-period-pain.html,"index,follow"
Blog,5 Safety Questions About Warm Oil Relaxation Massage During Periods,blog/blog-5-benefits-of-hot-oil-massage-for-period-pain.html,https://lucknow-massage-spa.github.io/near-me/blog/blog-5-benefits-of-hot-oil-massage-for-period-pain.html,"index,follow"
Blog,5 Safety Questions About Joint-Area Comfort Massage During Periods,blog/blog-5-benefits-of-joint-pain-therapy-for-period-pain.html,https://lucknow-massage-spa.github.io/near-me/blog/blog-5-benefits-of-joint-pain-therapy-for-period-pain.html,"index,follow"
Blog,5 Safety Questions About Leg Relaxation Massage During Periods,blog/blog-5-benefits-of-leg-pain-therapy-for-period-pain.html,https://lucknow-massage-spa.github.io/near-me/blog/blog-5-benefits-of-leg-pain-therapy-for-period-pain.html,"index,follow"
Blog,5 Safety Questions About Monthly Wellness Plan During Periods,blog/blog-5-benefits-of-monthly-care-plan-for-period-pain.html,https://lucknow-massage-spa.github.io/near-me/blog/blog-5-benefits-of-monthly-care-plan-for-period-pain.html,"index,follow"
Blog,5 Safety Questions About Muscle Relaxation Massage During Periods,blog/blog-5-benefits-of-muscle-relaxation-therapy-for-period-pain.html,https://lucknow-massage-spa.github.io/near-me/blog/blog-5-benefits-of-muscle-relaxation-therapy-for-period-pain.html,"index,follow"
Blog,5 Safety Questions About Period Comfort Massage During Periods,blog/blog-5-benefits-of-period-pain-relief-massage-for-period-pain.html,https://lucknow-massage-spa.github.io/near-me/blog/blog-5-benefits-of-period-pain-relief-massage-for-period-pain.html,"index,follow"
Blog,5 Safety Questions About Postnatal Comfort Massage During Periods,blog/blog-5-benefits-of-postnatal-massage-for-period-pain.html,https://lucknow-massage-spa.github.io/near-me/blog/blog-5-benefits-of-postnatal-massage-for-period-pain.html,"index,follow"
Blog,5 Safety Questions About Prenatal Comfort Massage During Periods,blog/blog-5-benefits-of-prenatal-massage-for-period-pain.html,https://lucknow-massage-spa.github.io/near-me/blog/blog-5-benefits-of-prenatal-massage-for-period-pain.html,"index,follow"
Blog,5 Safety Questions About Gentle Senior Wellness Massage During Periods,blog/blog-5-benefits-of-senior-citizen-massage-therapy-for-period-pain.html,https://lucknow-massage-spa.github.io/near-me/blog/blog-5-benefits-of-senior-citizen-massage-therapy-for-period-pain.html,"index,follow"
Blog,5 Safety Questions About Shoulder & Neck Comfort Massage During Periods,blog/blog-5-benefits-of-shoulder-and-neck-pain-massage-for-period-pain.html,https://lucknow-massage-spa.github.io/near-me/blog/blog-5-benefits-of-shoulder-and-neck-pain-massage-for-period-pain.html,"index,follow"
Blog,5 Safety Questions About Back & Posture Relaxation During Periods,blog/blog-5-benefits-of-spine-alignment-therapy-for-period-pain.html,https://lucknow-massage-spa.github.io/near-me/blog/blog-5-benefits-of-spine-alignment-therapy-for-period-pain.html,"index,follow"
Blog,5 Safety Questions About Sports Relaxation Massage During Periods,blog/blog-5-benefits-of-sports-recovery-massage-for-period-pain.html,https://lucknow-massage-spa.github.io/near-me/blog/blog-5-benefits-of-sports-recovery-massage-for-period-pain.html,"index,follow"
Blog,5 Safety Questions About Calm & Relaxation Massage During Periods,blog/blog-5-benefits-of-stress-and-mood-relief-therapy-for-period-pain.html,https://lucknow-massage-spa.github.io/near-me/blog/blog-5-benefits-of-stress-and-mood-relief-therapy-for-period-pain.html,"index,follow"
Blog,5 Safety Questions About Swedish Massage During Periods,blog/blog-5-benefits-of-swedish-massage-for-period-pain.html,https://lucknow-massage-spa.github.io/near-me/blog/blog-5-benefits-of-swedish-massage-for-period-pain.html,"index,follow"
Blog,5 Safety Questions About Wellness Massage Package During Periods,blog/blog-5-benefits-of-wellness-massage-package-for-period-pain.html,https://lucknow-massage-spa.github.io/near-me/blog/blog-5-benefits-of-wellness-massage-package-for-period-pain.html,"index,follow"
Blog,Relaxation Massage and Pain Medicine: What to Know,blog/blog-anti-stress-massage-vs-painkillers-what-works-better.html,https://lucknow-massage-spa.github.io/near-me/blog/blog-anti-stress-massage-vs-painkillers-what-works-better.html,"index,follow"
Blog,Aromatherapy Massage and Pain Medicine: What to Know,blog/blog-aromatherapy-massage-vs-painkillers-what-works-better.html,https://lucknow-massage-spa.github.io/near-me/blog/blog-aromatherapy-massage-vs-painkillers-what-works-better.html,"index,follow"
Blog,Back Comfort Massage and Pain Medicine: What to Know,blog/blog-back-pain-relief-massage-vs-painkillers-what-works-better.html,https://lucknow-massage-spa.github.io/near-me/blog/blog-back-pain-relief-massage-vs-painkillers-what-works-better.html,"index,follow"
Blog,"How to Choose Home Wellness in Aminabad, Lucknow",blog/blog-best-home-massage-options-in-aminabad-lucknow.html,https://lucknow-massage-spa.github.io/near-me/blog/blog-best-home-massage-options-in-aminabad-lucknow.html,"noindex,follow"
Blog,"How to Choose Home Wellness in Balaganj, Lucknow",blog/blog-best-home-massage-options-in-balaganj-lucknow.html,https://lucknow-massage-spa.github.io/near-me/blog/blog-best-home-massage-options-in-balaganj-lucknow.html,"noindex,follow"
Blog,"How to Choose Home Wellness in Chandganj, Lucknow",blog/blog-best-home-massage-options-in-chandganj-lucknow.html,https://lucknow-massage-spa.github.io/near-me/blog/blog-best-home-massage-options-in-chandganj-lucknow.html,"noindex,follow"
Blog,"How to Choose Home Wellness in Chinhat, Lucknow",blog/blog-best-home-massage-options-in-chinhat-lucknow.html,https://lucknow-massage-spa.github.io/near-me/blog/blog-best-home-massage-options-in-chinhat-lucknow.html,"noindex,follow"
Blog,"How to Choose Home Wellness in Chowk, Lucknow",blog/blog-best-home-massage-options-in-chowk-lucknow.html,https://lucknow-massage-spa.github.io/near-me/blog/blog-best-home-massage-options-in-chowk-lucknow.html,"noindex,follow"
Blog,"How to Choose Home Wellness in Civil Lines, Lucknow",blog/blog-best-home-massage-options-in-civil-lines-lucknow.html,https://lucknow-massage-spa.github.io/near-me/blog/blog-best-home-massage-options-in-civil-lines-lucknow.html,"noindex,follow"
Blog,"How to Choose Home Wellness in Ganeshganj, Lucknow",blog/blog-best-home-massage-options-in-ganeshganj-lucknow.html,https://lucknow-massage-spa.github.io/near-me/blog/blog-best-home-massage-options-in-ganeshganj-lucknow.html,"noindex,follow"
Blog,"How to Choose Home Wellness in Gomti Nagar Extension, Lucknow",blog/blog-best-home-massage-options-in-gomti-nagar-extension-lucknow.html,https://lucknow-massage-spa.github.io/near-me/blog/blog-best-home-massage-options-in-gomti-nagar-extension-lucknow.html,"noindex,follow"
Blog,"How to Choose Home Wellness in Gomti Nagar, Lucknow",blog/blog-best-home-massage-options-in-gomti-nagar-lucknow.html,https://lucknow-massage-spa.github.io/near-me/blog/blog-best-home-massage-options-in-gomti-nagar-lucknow.html,"noindex,follow"
Blog,"How to Choose Home Wellness in HAL Colony, Lucknow",blog/blog-best-home-massage-options-in-hal-colony-lucknow.html,https://lucknow-massage-spa.github.io/near-me/blog/blog-best-home-massage-options-in-hal-colony-lucknow.html,"noindex,follow"
Blog,"How to Choose Home Wellness in Hazratganj, Lucknow",blog/blog-best-home-massage-options-in-hazratganj-lucknow.html,https://lucknow-massage-spa.github.io/near-me/blog/blog-best-home-massage-options-in-hazratganj-lucknow.html,"noindex,follow"
Blog,"How to Choose Home Wellness in Husainganj, Lucknow",blog/blog-best-home-massage-options-in-husainganj-lucknow.html,https://lucknow-massage-spa.github.io/near-me/blog/blog-best-home-massage-options-in-husainganj-lucknow.html,"noindex,follow"
Blog,"How to Choose Home Wellness in Indira Nagar, Lucknow",blog/blog-best-home-massage-options-in-indira-nagar-lucknow.html,https://lucknow-massage-spa.github.io/near-me/blog/blog-best-home-massage-options-in-indira-nagar-lucknow.html,"noindex,follow"
Blog,"How to Choose Home Wellness in Lalbagh, Lucknow",blog/blog-best-home-massage-options-in-lalbagh-lucknow.html,https://lucknow-massage-spa.github.io/near-me/blog/blog-best-home-massage-options-in-lalbagh-lucknow.html,"noindex,follow"
Blog,"How to Choose Home Wellness in Mahanagar, Lucknow",blog/blog-best-home-massage-options-in-mahanagar-lucknow.html,https://lucknow-massage-spa.github.io/near-me/blog/blog-best-home-massage-options-in-mahanagar-lucknow.html,"noindex,follow"
Blog,"How to Choose Home Wellness in Nishatganj, Lucknow",blog/blog-best-home-massage-options-in-nishatganj-lucknow.html,https://lucknow-massage-spa.github.io/near-me/blog/blog-best-home-massage-options-in-nishatganj-lucknow.html,"noindex,follow"
Blog,"How to Choose Home Wellness in Qaiserbagh, Lucknow",blog/blog-best-home-massage-options-in-qaiserbagh-lucknow.html,https://lucknow-massage-spa.github.io/near-me/blog/blog-best-home-massage-options-in-qaiserbagh-lucknow.html,"noindex,follow"
Blog,"How to Choose Home Wellness in Rakabganj, Lucknow",blog/blog-best-home-massage-options-in-rakabganj-lucknow.html,https://lucknow-massage-spa.github.io/near-me/blog/blog-best-home-massage-options-in-rakabganj-lucknow.html,"noindex,follow"
Blog,"How to Choose Home Wellness in Vibhuti Khand, Lucknow",blog/blog-best-home-massage-options-in-vibhuti-khand-lucknow.html,https://lucknow-massage-spa.github.io/near-me/blog/blog-best-home-massage-options-in-vibhuti-khand-lucknow.html,"noindex,follow"
Blog,"How to Choose Home Wellness in Vijayant Khand, Lucknow",blog/blog-best-home-massage-options-in-vijayant-khand-lucknow.html,https://lucknow-massage-spa.github.io/near-me/blog/blog-best-home-massage-options-in-vijayant-khand-lucknow.html,"noindex,follow"
Blog,"How to Choose Home Wellness in Vikrant Khand, Lucknow",blog/blog-best-home-massage-options-in-vikrant-khand-lucknow.html,https://lucknow-massage-spa.github.io/near-me/blog/blog-best-home-massage-options-in-vikrant-khand-lucknow.html,"noindex,follow"
Blog,"How to Choose Home Wellness in Vinay Khand, Lucknow",blog/blog-best-home-massage-options-in-vinay-khand-lucknow.html,https://lucknow-massage-spa.github.io/near-me/blog/blog-best-home-massage-options-in-vinay-khand-lucknow.html,"noindex,follow"
Blog,"How to Choose Home Wellness in Vipin Khand, Lucknow",blog/blog-best-home-massage-options-in-vipin-khand-lucknow.html,https://lucknow-massage-spa.github.io/near-me/blog/blog-best-home-massage-options-in-vipin-khand-lucknow.html,"noindex,follow"
Blog,"How to Choose Home Wellness in Vipul Khand, Lucknow",blog/blog-best-home-massage-options-in-vipul-khand-lucknow.html,https://lucknow-massage-spa.github.io/near-me/blog/blog-best-home-massage-options-in-vipul-khand-lucknow.html,"noindex,follow"
Blog,"How to Choose Home Wellness in Viraj Khand, Lucknow",blog/blog-best-home-massage-options-in-viraj-khand-lucknow.html,https://lucknow-massage-spa.github.io/near-me/blog/blog-best-home-massage-options-in-viraj-khand-lucknow.html,"noindex,follow"
Blog,Full Body Comfort Massage and Pain Medicine: What to Know,blog/blog-body-pain-relief-massage-vs-painkillers-what-works-better.html,https://lucknow-massage-spa.github.io/near-me/blog/blog-body-pain-relief-massage-vs-painkillers-what-works-better.html,"index,follow"
Blog,Home Guide to Relaxation Massage in Lucknow,blog/blog-complete-guide-to-anti-stress-massage-at-home.html,https://lucknow-massage-spa.github.io/near-me/blog/blog-complete-guide-to-anti-stress-massage-at-home.html,"index,follow"
Blog,Home Guide to Aromatherapy Massage in Lucknow,blog/blog-complete-guide-to-aromatherapy-massage-at-home.html,https://lucknow-massage-spa.github.io/near-me/blog/blog-complete-guide-to-aromatherapy-massage-at-home.html,"index,follow"
Blog,Home Guide to Back Comfort Massage in Lucknow,blog/blog-complete-guide-to-back-pain-relief-massage-at-home.html,https://lucknow-massage-spa.github.io/near-me/blog/blog-complete-guide-to-back-pain-relief-massage-at-home.html,"index,follow"
Blog,Home Guide to Full Body Comfort Massage in Lucknow,blog/blog-complete-guide-to-body-pain-relief-massage-at-home.html,https://lucknow-massage-spa.github.io/near-me/blog/blog-complete-guide-to-body-pain-relief-massage-at-home.html,"index,follow"
Blog,Home Guide to Gentle Comfort Massage in Lucknow,blog/blog-complete-guide-to-cramps-relief-massage-at-home.html,https://lucknow-massage-spa.github.io/near-me/blog/blog-complete-guide-to-cramps-relief-massage-at-home.html,"index,follow"
Blog,Home Guide to Deep Tissue Massage in Lucknow,blog/blog-complete-guide-to-deep-tissue-massage-at-home.html,https://lucknow-massage-spa.github.io/near-me/blog/blog-complete-guide-to-deep-tissue-massage-at-home.html,"index,follow"
Blog,Home Guide to Foot Relaxation Massage in Lucknow,blog/blog-complete-guide-to-foot-reflexology-at-home.html,https://lucknow-massage-spa.github.io/near-me/blog/blog-complete-guide-to-foot-reflexology-at-home.html,"index,follow"
Blog,Home Guide to Full Body Relaxation Massage in Lucknow,blog/blog-complete-guide-to-full-body-relaxation-massage-at-home.html,https://lucknow-massage-spa.github.io/near-me/blog/blog-complete-guide-to-full-body-relaxation-massage-at-home.html,"index,follow"
Blog,Home Guide to Head & Neck Relaxation Massage in Lucknow,blog/blog-complete-guide-to-head-and-neck-massage-at-home.html,https://lucknow-massage-spa.github.io/near-me/blog/blog-complete-guide-to-head-and-neck-massage-at-home.html,"index,follow"
Blog,Home Guide to Home Physiotherapy & Mobility Support in Lucknow,blog/blog-complete-guide-to-home-physiotherapy-at-home.html,https://lucknow-massage-spa.github.io/near-me/blog/blog-complete-guide-to-home-physiotherapy-at-home.html,"index,follow"
Blog,Home Guide to Warm Oil Relaxation Massage in Lucknow,blog/blog-complete-guide-to-hot-oil-massage-at-home.html,https://lucknow-massage-spa.github.io/near-me/blog/blog-complete-guide-to-hot-oil-massage-at-home.html,"index,follow"
Blog,Home Guide to Joint-Area Comfort Massage in Lucknow,blog/blog-complete-guide-to-joint-pain-therapy-at-home.html,https://lucknow-massage-spa.github.io/near-me/blog/blog-complete-guide-to-joint-pain-therapy-at-home.html,"index,follow"
Blog,Home Guide to Leg Relaxation Massage in Lucknow,blog/blog-complete-guide-to-leg-pain-therapy-at-home.html,https://lucknow-massage-spa.github.io/near-me/blog/blog-complete-guide-to-leg-pain-therapy-at-home.html,"index,follow"
Blog,Home Guide to Monthly Wellness Plan in Lucknow,blog/blog-complete-guide-to-monthly-care-plan-at-home.html,https://lucknow-massage-spa.github.io/near-me/blog/blog-complete-guide-to-monthly-care-plan-at-home.html,"index,follow"
Blog,Home Guide to Muscle Relaxation Massage in Lucknow,blog/blog-complete-guide-to-muscle-relaxation-therapy-at-home.html,https://lucknow-massage-spa.github.io/near-me/blog/blog-complete-guide-to-muscle-relaxation-therapy-at-home.html,"index,follow"
Blog,Home Guide to Period Comfort Massage in Lucknow,blog/blog-complete-guide-to-period-pain-relief-massage-at-home.html,https://lucknow-massage-spa.github.io/near-me/blog/blog-complete-guide-to-period-pain-relief-massage-at-home.html,"index,follow"
Blog,Home Guide to Postnatal Comfort Massage in Lucknow,blog/blog-complete-guide-to-postnatal-massage-at-home.html,https://lucknow-massage-spa.github.io/near-me/blog/blog-complete-guide-to-postnatal-massage-at-home.html,"index,follow"
Blog,Home Guide to Prenatal Comfort Massage in Lucknow,blog/blog-complete-guide-to-prenatal-massage-at-home.html,https://lucknow-massage-spa.github.io/near-me/blog/blog-complete-guide-to-prenatal-massage-at-home.html,"index,follow"
Blog,Home Guide to Gentle Senior Wellness Massage in Lucknow,blog/blog-complete-guide-to-senior-citizen-massage-therapy-at-home.html,https://lucknow-massage-spa.github.io/near-me/blog/blog-complete-guide-to-senior-citizen-massage-therapy-at-home.html,"index,follow"
Blog,Home Guide to Shoulder & Neck Comfort Massage in Lucknow,blog/blog-complete-guide-to-shoulder-and-neck-pain-massage-at-home.html,https://lucknow-massage-spa.github.io/near-me/blog/blog-complete-guide-to-shoulder-and-neck-pain-massage-at-home.html,"index,follow"
Blog,Home Guide to Back & Posture Relaxation in Lucknow,blog/blog-complete-guide-to-spine-alignment-therapy-at-home.html,https://lucknow-massage-spa.github.io/near-me/blog/blog-complete-guide-to-spine-alignment-therapy-at-home.html,"index,follow"
Blog,Home Guide to Sports Relaxation Massage in Lucknow,blog/blog-complete-guide-to-sports-recovery-massage-at-home.html,https://lucknow-massage-spa.github.io/near-me/blog/blog-complete-guide-to-sports-recovery-massage-at-home.html,"index,follow"
Blog,Home Guide to Calm & Relaxation Massage in Lucknow,blog/blog-complete-guide-to-stress-and-mood-relief-therapy-at-home.html,https://lucknow-massage-spa.github.io/near-me/blog/blog-complete-guide-to-stress-and-mood-relief-therapy-at-home.html,"index,follow"
Blog,Home Guide to Swedish Massage in Lucknow,blog/blog-complete-guide-to-swedish-massage-at-home.html,https://lucknow-massage-spa.github.io/near-me/blog/blog-complete-guide-to-swedish-massage-at-home.html,"index,follow"
Blog,Home Guide to Wellness Massage Package in Lucknow,blog/blog-complete-guide-to-wellness-massage-package-at-home.html,https://lucknow-massage-spa.github.io/near-me/blog/blog-complete-guide-to-wellness-massage-package-at-home.html,"index,follow"
Blog,Gentle Comfort Massage and Pain Medicine: What to Know,blog/blog-cramps-relief-massage-vs-painkillers-what-works-better.html,https://lucknow-massage-spa.github.io/near-me/blog/blog-cramps-relief-massage-vs-painkillers-what-works-better.html,"index,follow"
Blog,Deep Tissue Massage and Pain Medicine: What to Know,blog/blog-deep-tissue-massage-vs-painkillers-what-works-better.html,https://lucknow-massage-spa.github.io/near-me/blog/blog-deep-tissue-massage-vs-painkillers-what-works-better.html,"index,follow"
Blog,How to Choose a Professional Female Therapist in Aminabad,blog/blog-finding-a-trusted-female-therapist-in-aminabad.html,https://lucknow-massage-spa.github.io/near-me/blog/blog-finding-a-trusted-female-therapist-in-aminabad.html,"noindex,follow"
Blog,How to Choose a Professional Female Therapist in Balaganj,blog/blog-finding-a-trusted-female-therapist-in-balaganj.html,https://lucknow-massage-spa.github.io/near-me/blog/blog-finding-a-trusted-female-therapist-in-balaganj.html,"noindex,follow"
Blog,How to Choose a Professional Female Therapist in Chandganj,blog/blog-finding-a-trusted-female-therapist-in-chandganj.html,https://lucknow-massage-spa.github.io/near-me/blog/blog-finding-a-trusted-female-therapist-in-chandganj.html,"noindex,follow"
Blog,How to Choose a Professional Female Therapist in Chinhat,blog/blog-finding-a-trusted-female-therapist-in-chinhat.html,https://lucknow-massage-spa.github.io/near-me/blog/blog-finding-a-trusted-female-therapist-in-chinhat.html,"noindex,follow"
Blog,How to Choose a Professional Female Therapist in Chowk,blog/blog-finding-a-trusted-female-therapist-in-chowk.html,https://lucknow-massage-spa.github.io/near-me/blog/blog-finding-a-trusted-female-therapist-in-chowk.html,"noindex,follow"
Blog,How to Choose a Professional Female Therapist in Civil Lines,blog/blog-finding-a-trusted-female-therapist-in-civil-lines.html,https://lucknow-massage-spa.github.io/near-me/blog/blog-finding-a-trusted-female-therapist-in-civil-lines.html,"noindex,follow"
Blog,How to Choose a Professional Female Therapist in Ganeshganj,blog/blog-finding-a-trusted-female-therapist-in-ganeshganj.html,https://lucknow-massage-spa.github.io/near-me/blog/blog-finding-a-trusted-female-therapist-in-ganeshganj.html,"noindex,follow"
Blog,How to Choose a Professional Female Therapist in Gomti Nagar Extension,blog/blog-finding-a-trusted-female-therapist-in-gomti-nagar-extension.html,https://lucknow-massage-spa.github.io/near-me/blog/blog-finding-a-trusted-female-therapist-in-gomti-nagar-extension.html,"noindex,follow"
Blog,How to Choose a Professional Female Therapist in Gomti Nagar,blog/blog-finding-a-trusted-female-therapist-in-gomti-nagar.html,https://lucknow-massage-spa.github.io/near-me/blog/blog-finding-a-trusted-female-therapist-in-gomti-nagar.html,"noindex,follow"
Blog,How to Choose a Professional Female Therapist in HAL Colony,blog/blog-finding-a-trusted-female-therapist-in-hal-colony.html,https://lucknow-massage-spa.github.io/near-me/blog/blog-finding-a-trusted-female-therapist-in-hal-colony.html,"noindex,follow"
Blog,How to Choose a Professional Female Therapist in Hazratganj,blog/blog-finding-a-trusted-female-therapist-in-hazratganj.html,https://lucknow-massage-spa.github.io/near-me/blog/blog-finding-a-trusted-female-therapist-in-hazratganj.html,"noindex,follow"
Blog,How to Choose a Professional Female Therapist in Husainganj,blog/blog-finding-a-trusted-female-therapist-in-husainganj.html,https://lucknow-massage-spa.github.io/near-me/blog/blog-finding-a-trusted-female-therapist-in-husainganj.html,"noindex,follow"
Blog,How to Choose a Professional Female Therapist in Indira Nagar,blog/blog-finding-a-trusted-female-therapist-in-indira-nagar.html,https://lucknow-massage-spa.github.io/near-me/blog/blog-finding-a-trusted-female-therapist-in-indira-nagar.html,"noindex,follow"
Blog,How to Choose a Professional Female Therapist in Lalbagh,blog/blog-finding-a-trusted-female-therapist-in-lalbagh.html,https://lucknow-massage-spa.github.io/near-me/blog/blog-finding-a-trusted-female-therapist-in-lalbagh.html,"noindex,follow"
Blog,How to Choose a Professional Female Therapist in Mahanagar,blog/blog-finding-a-trusted-female-therapist-in-mahanagar.html,https://lucknow-massage-spa.github.io/near-me/blog/blog-finding-a-trusted-female-therapist-in-mahanagar.html,"noindex,follow"
Blog,How to Choose a Professional Female Therapist in Nishatganj,blog/blog-finding-a-trusted-female-therapist-in-nishatganj.html,https://lucknow-massage-spa.github.io/near-me/blog/blog-finding-a-trusted-female-therapist-in-nishatganj.html,"noindex,follow"
Blog,How to Choose a Professional Female Therapist in Qaiserbagh,blog/blog-finding-a-trusted-female-therapist-in-qaiserbagh.html,https://lucknow-massage-spa.github.io/near-me/blog/blog-finding-a-trusted-female-therapist-in-qaiserbagh.html,"noindex,follow"
Blog,How to Choose a Professional Female Therapist in Rakabganj,blog/blog-finding-a-trusted-female-therapist-in-rakabganj.html,https://lucknow-massage-spa.github.io/near-me/blog/blog-finding-a-trusted-female-therapist-in-rakabganj.html,"noindex,follow"
Blog,How to Choose a Professional Female Therapist in Vibhuti Khand,blog/blog-finding-a-trusted-female-therapist-in-vibhuti-khand.html,https://lucknow-massage-spa.github.io/near-me/blog/blog-finding-a-trusted-female-therapist-in-vibhuti-khand.html,"noindex,follow"
Blog,How to Choose a Professional Female Therapist in Vijayant Khand,blog/blog-finding-a-trusted-female-therapist-in-vijayant-khand.html,https://lucknow-massage-spa.github.io/near-me/blog/blog-finding-a-trusted-female-therapist-in-vijayant-khand.html,"noindex,follow"
Blog,How to Choose a Professional Female Therapist in Vikrant Khand,blog/blog-finding-a-trusted-female-therapist-in-vikrant-khand.html,https://lucknow-massage-spa.github.io/near-me/blog/blog-finding-a-trusted-female-therapist-in-vikrant-khand.html,"noindex,follow"
Blog,How to Choose a Professional Female Therapist in Vinay Khand,blog/blog-finding-a-trusted-female-therapist-in-vinay-khand.html,https://lucknow-massage-spa.github.io/near-me/blog/blog-finding-a-trusted-female-therapist-in-vinay-khand.html,"noindex,follow"
Blog,How to Choose a Professional Female Therapist in Vipin Khand,blog/blog-finding-a-trusted-female-therapist-in-vipin-khand.html,https://lucknow-massage-spa.github.io/near-me/blog/blog-finding-a-trusted-female-therapist-in-vipin-khand.html,"noindex,follow"
Blog,How to Choose a Professional Female Therapist in Vipul Khand,blog/blog-finding-a-trusted-female-therapist-in-vipul-khand.html,https://lucknow-massage-spa.github.io/near-me/blog/blog-finding-a-trusted-female-therapist-in-vipul-khand.html,"noindex,follow"
Blog,How to Choose a Professional Female Therapist in Viraj Khand,blog/blog-finding-a-trusted-female-therapist-in-viraj-khand.html,https://lucknow-massage-spa.github.io/near-me/blog/blog-finding-a-trusted-female-therapist-in-viraj-khand.html,"noindex,follow"
Blog,Foot Relaxation Massage and Pain Medicine: What to Know,blog/blog-foot-reflexology-vs-painkillers-what-works-better.html,https://lucknow-massage-spa.github.io/near-me/blog/blog-foot-reflexology-vs-painkillers-what-works-better.html,"index,follow"
Blog,Full Body Relaxation Massage and Pain Medicine: What to Know,blog/blog-full-body-relaxation-massage-vs-painkillers-what-works-better.html,https://lucknow-massage-spa.github.io/near-me/blog/blog-full-body-relaxation-massage-vs-painkillers-what-works-better.html,"index,follow"
Blog,Head & Neck Relaxation Massage and Pain Medicine: What to Know,blog/blog-head-and-neck-massage-vs-painkillers-what-works-better.html,https://lucknow-massage-spa.github.io/near-me/blog/blog-head-and-neck-massage-vs-painkillers-what-works-better.html,"index,follow"
Blog,Home Physiotherapy & Mobility Support and Pain Medicine: What to Know,blog/blog-home-physiotherapy-vs-painkillers-what-works-better.html,https://lucknow-massage-spa.github.io/near-me/blog/blog-home-physiotherapy-vs-painkillers-what-works-better.html,"index,follow"
Blog,Warm Oil Relaxation Massage and Pain Medicine: What to Know,blog/blog-hot-oil-massage-vs-painkillers-what-works-better.html,https://lucknow-massage-spa.github.io/near-me/blog/blog-hot-oil-massage-vs-painkillers-what-works-better.html,"index,follow"
Blog,Joint-Area Comfort Massage and Pain Medicine: What to Know,blog/blog-joint-pain-therapy-vs-painkillers-what-works-better.html,https://lucknow-massage-spa.github.io/near-me/blog/blog-joint-pain-therapy-vs-painkillers-what-works-better.html,"index,follow"
Blog,Leg Relaxation Massage and Pain Medicine: What to Know,blog/blog-leg-pain-therapy-vs-painkillers-what-works-better.html,https://lucknow-massage-spa.github.io/near-me/blog/blog-leg-pain-therapy-vs-painkillers-what-works-better.html,"index,follow"
Blog,Monthly Wellness Plan and Pain Medicine: What to Know,blog/blog-monthly-care-plan-vs-painkillers-what-works-better.html,https://lucknow-massage-spa.github.io/near-me/blog/blog-monthly-care-plan-vs-painkillers-what-works-better.html,"index,follow"
Blog,Muscle Relaxation Massage and Pain Medicine: What to Know,blog/blog-muscle-relaxation-therapy-vs-painkillers-what-works-better.html,https://lucknow-massage-spa.github.io/near-me/blog/blog-muscle-relaxation-therapy-vs-painkillers-what-works-better.html,"index,follow"
Blog,Period Comfort Massage and Pain Medicine: What to Know,blog/blog-period-pain-relief-massage-vs-painkillers-what-works-better.html,https://lucknow-massage-spa.github.io/near-me/blog/blog-period-pain-relief-massage-vs-painkillers-what-works-better.html,"index,follow"
Blog,Postnatal Comfort Massage and Pain Medicine: What to Know,blog/blog-postnatal-massage-vs-painkillers-what-works-better.html,https://lucknow-massage-spa.github.io/near-me/blog/blog-postnatal-massage-vs-painkillers-what-works-better.html,"index,follow"
Blog,Prenatal Comfort Massage and Pain Medicine: What to Know,blog/blog-prenatal-massage-vs-painkillers-what-works-better.html,https://lucknow-massage-spa.github.io/near-me/blog/blog-prenatal-massage-vs-painkillers-what-works-better.html,"index,follow"
Blog,Gentle Senior Wellness Massage and Pain Medicine: What to Know,blog/blog-senior-citizen-massage-therapy-vs-painkillers-what-works-better.html,https://lucknow-massage-spa.github.io/near-me/blog/blog-senior-citizen-massage-therapy-vs-painkillers-what-works-better.html,"index,follow"
Blog,Shoulder & Neck Comfort Massage and Pain Medicine: What to Know,blog/blog-shoulder-and-neck-pain-massage-vs-painkillers-what-works-better.html,https://lucknow-massage-spa.github.io/near-me/blog/blog-shoulder-and-neck-pain-massage-vs-painkillers-what-works-better.html,"index,follow"
Blog,Back & Posture Relaxation and Pain Medicine: What to Know,blog/blog-spine-alignment-therapy-vs-painkillers-what-works-better.html,https://lucknow-massage-spa.github.io/near-me/blog/blog-spine-alignment-therapy-vs-painkillers-what-works-better.html,"index,follow"
Blog,Sports Relaxation Massage and Pain Medicine: What to Know,blog/blog-sports-recovery-massage-vs-painkillers-what-works-better.html,https://lucknow-massage-spa.github.io/near-me/blog/blog-sports-recovery-massage-vs-painkillers-what-works-better.html,"index,follow"
Blog,Calm & Relaxation Massage and Pain Medicine: What to Know,blog/blog-stress-and-mood-relief-therapy-vs-painkillers-what-works-better.html,https://lucknow-massage-spa.github.io/near-me/blog/blog-stress-and-mood-relief-therapy-vs-painkillers-what-works-better.html,"index,follow"
Blog,Swedish Massage and Pain Medicine: What to Know,blog/blog-swedish-massage-vs-painkillers-what-works-better.html,https://lucknow-massage-spa.github.io/near-me/blog/blog-swedish-massage-vs-painkillers-what-works-better.html,"index,follow"
Blog,Wellness Massage Package and Pain Medicine: What to Know,blog/blog-wellness-massage-package-vs-painkillers-what-works-better.html,https://lucknow-massage-spa.github.io/near-me/blog/blog-wellness-massage-package-vs-painkillers-what-works-better.html,"index,follow"
Blog,Why Some Women Prefer Home Wellness in Aminabad,blog/blog-why-women-in-aminabad-are-choosing-home-massage-therapy.html,https://lucknow-massage-spa.github.io/near-me/blog/blog-why-women-in-aminabad-are-choosing-home-massage-therapy.html,"noindex,follow"
Blog,Why Some Women Prefer Home Wellness in Balaganj,blog/blog-why-women-in-balaganj-are-choosing-home-massage-therapy.html,https://lucknow-massage-spa.github.io/near-me/blog/blog-why-women-in-balaganj-are-choosing-home-massage-therapy.html,"noindex,follow"
Blog,Why Some Women Prefer Home Wellness in Chandganj,blog/blog-why-women-in-chandganj-are-choosing-home-massage-therapy.html,https://lucknow-massage-spa.github.io/near-me/blog/blog-why-women-in-chandganj-are-choosing-home-massage-therapy.html,"noindex,follow"
Blog,Why Some Women Prefer Home Wellness in Chinhat,blog/blog-why-women-in-chinhat-are-choosing-home-massage-therapy.html,https://lucknow-massage-spa.github.io/near-me/blog/blog-why-women-in-chinhat-are-choosing-home-massage-therapy.html,"noindex,follow"
Blog,Why Some Women Prefer Home Wellness in Chowk,blog/blog-why-women-in-chowk-are-choosing-home-massage-therapy.html,https://lucknow-massage-spa.github.io/near-me/blog/blog-why-women-in-chowk-are-choosing-home-massage-therapy.html,"noindex,follow"
Blog,Why Some Women Prefer Home Wellness in Civil Lines,blog/blog-why-women-in-civil-lines-are-choosing-home-massage-therapy.html,https://lucknow-massage-spa.github.io/near-me/blog/blog-why-women-in-civil-lines-are-choosing-home-massage-therapy.html,"noindex,follow"
Blog,Why Some Women Prefer Home Wellness in Ganeshganj,blog/blog-why-women-in-ganeshganj-are-choosing-home-massage-therapy.html,https://lucknow-massage-spa.github.io/near-me/blog/blog-why-women-in-ganeshganj-are-choosing-home-massage-therapy.html,"noindex,follow"
Blog,Why Some Women Prefer Home Wellness in Gomti Nagar,blog/blog-why-women-in-gomti-nagar-are-choosing-home-massage-therapy.html,https://lucknow-massage-spa.github.io/near-me/blog/blog-why-women-in-gomti-nagar-are-choosing-home-massage-therapy.html,"noindex,follow"
Blog,Why Some Women Prefer Home Wellness in Gomti Nagar Extension,blog/blog-why-women-in-gomti-nagar-extension-are-choosing-home-massage-therapy.html,https://lucknow-massage-spa.github.io/near-me/blog/blog-why-women-in-gomti-nagar-extension-are-choosing-home-massage-therapy.html,"noindex,follow"
Blog,Why Some Women Prefer Home Wellness in HAL Colony,blog/blog-why-women-in-hal-colony-are-choosing-home-massage-therapy.html,https://lucknow-massage-spa.github.io/near-me/blog/blog-why-women-in-hal-colony-are-choosing-home-massage-therapy.html,"noindex,follow"
Blog,Why Some Women Prefer Home Wellness in Hazratganj,blog/blog-why-women-in-hazratganj-are-choosing-home-massage-therapy.html,https://lucknow-massage-spa.github.io/near-me/blog/blog-why-women-in-hazratganj-are-choosing-home-massage-therapy.html,"noindex,follow"
Blog,Why Some Women Prefer Home Wellness in Husainganj,blog/blog-why-women-in-husainganj-are-choosing-home-massage-therapy.html,https://lucknow-massage-spa.github.io/near-me/blog/blog-why-women-in-husainganj-are-choosing-home-massage-therapy.html,"noindex,follow"
Blog,Why Some Women Prefer Home Wellness in Indira Nagar,blog/blog-why-women-in-indira-nagar-are-choosing-home-massage-therapy.html,https://lucknow-massage-spa.github.io/near-me/blog/blog-why-women-in-indira-nagar-are-choosing-home-massage-therapy.html,"noindex,follow"
Blog,Why Some Women Prefer Home Wellness in Lalbagh,blog/blog-why-women-in-lalbagh-are-choosing-home-massage-therapy.html,https://lucknow-massage-spa.github.io/near-me/blog/blog-why-women-in-lalbagh-are-choosing-home-massage-therapy.html,"noindex,follow"
Blog,Why Some Women Prefer Home Wellness in Mahanagar,blog/blog-why-women-in-mahanagar-are-choosing-home-massage-therapy.html,https://lucknow-massage-spa.github.io/near-me/blog/blog-why-women-in-mahanagar-are-choosing-home-massage-therapy.html,"noindex,follow"
Blog,Why Some Women Prefer Home Wellness in Nishatganj,blog/blog-why-women-in-nishatganj-are-choosing-home-massage-therapy.html,https://lucknow-massage-spa.github.io/near-me/blog/blog-why-women-in-nishatganj-are-choosing-home-massage-therapy.html,"noindex,follow"
Blog,Why Some Women Prefer Home Wellness in Qaiserbagh,blog/blog-why-women-in-qaiserbagh-are-choosing-home-massage-therapy.html,https://lucknow-massage-spa.github.io/near-me/blog/blog-why-women-in-qaiserbagh-are-choosing-home-massage-therapy.html,"noindex,follow"
Blog,Why Some Women Prefer Home Wellness in Rakabganj,blog/blog-why-women-in-rakabganj-are-choosing-home-massage-therapy.html,https://lucknow-massage-spa.github.io/near-me/blog/blog-why-women-in-rakabganj-are-choosing-home-massage-therapy.html,"noindex,follow"
Blog,Why Some Women Prefer Home Wellness in Vibhuti Khand,blog/blog-why-women-in-vibhuti-khand-are-choosing-home-massage-therapy.html,https://lucknow-massage-spa.github.io/near-me/blog/blog-why-women-in-vibhuti-khand-are-choosing-home-massage-therapy.html,"noindex,follow"
Blog,Why Some Women Prefer Home Wellness in Vijayant Khand,blog/blog-why-women-in-vijayant-khand-are-choosing-home-massage-therapy.html,https://lucknow-massage-spa.github.io/near-me/blog/blog-why-women-in-vijayant-khand-are-choosing-home-massage-therapy.html,"noindex,follow"
Blog,Why Some Women Prefer Home Wellness in Vikrant Khand,blog/blog-why-women-in-vikrant-khand-are-choosing-home-massage-therapy.html,https://lucknow-massage-spa.github.io/near-me/blog/blog-why-women-in-vikrant-khand-are-choosing-home-massage-therapy.html,"noindex,follow"
Blog,Why Some Women Prefer Home Wellness in Vinay Khand,blog/blog-why-women-in-vinay-khand-are-choosing-home-massage-therapy.html,https://lucknow-massage-spa.github.io/near-me/blog/blog-why-women-in-vinay-khand-are-choosing-home-massage-therapy.html,"noindex,follow"
Blog,Why Some Women Prefer Home Wellness in Vipin Khand,blog/blog-why-women-in-vipin-khand-are-choosing-home-massage-therapy.html,https://lucknow-massage-spa.github.io/near-me/blog/blog-why-women-in-vipin-khand-are-choosing-home-massage-therapy.html,"noindex,follow"
Blog,Why Some Women Prefer Home Wellness in Vipul Khand,blog/blog-why-women-in-vipul-khand-are-choosing-home-massage-therapy.html,https://lucknow-massage-spa.github.io/near-me/blog/blog-why-women-in-vipul-khand-are-choosing-home-massage-therapy.html,"noindex,follow"
Blog,Why Some Women Prefer Home Wellness in Viraj Khand,blog/blog-why-women-in-viraj-khand-are-choosing-home-massage-therapy.html,https://lucknow-massage-spa.github.io/near-me/blog/blog-why-women-in-viraj-khand-are-choosing-home-massage-therapy.html,"noindex,follow"
Blog Hub,Lucknow Home Wellness Guides,blog/index.html,https://lucknow-massage-spa.github.io/near-me/blog/,"index,follow"
Contact,Professional Home Wellness Booking Enquiry,contact/booking.html,https://lucknow-massage-spa.github.io/near-me/contact/booking.html,"index,follow"
Contact,Contact Lucknow Women Wellness,contact/index.html,https://lucknow-massage-spa.github.io/near-me/contact/,"index,follow"
FAQ,How Long Can a Relaxation Massage Session Take?,faq/faq-how-long-does-a-anti-stress-massage-session-take.html,https://lucknow-massage-spa.github.io/near-me/faq/faq-how-long-does-a-anti-stress-massage-session-take.html,"index,follow"
FAQ,How Long Can a Aromatherapy Massage Session Take?,faq/faq-how-long-does-a-aromatherapy-massage-session-take.html,https://lucknow-massage-spa.github.io/near-me/faq/faq-how-long-does-a-aromatherapy-massage-session-take.html,"index,follow"
FAQ,How Long Can a Back Comfort Massage Session Take?,faq/faq-how-long-does-a-back-pain-relief-massage-session-take.html,https://lucknow-massage-spa.github.io/near-me/faq/faq-how-long-does-a-back-pain-relief-massage-session-take.html,"index,follow"
FAQ,How Long Can a Full Body Comfort Massage Session Take?,faq/faq-how-long-does-a-body-pain-relief-massage-session-take.html,https://lucknow-massage-spa.github.io/near-me/faq/faq-how-long-does-a-body-pain-relief-massage-session-take.html,"index,follow"
FAQ,How Long Can a Gentle Comfort Massage Session Take?,faq/faq-how-long-does-a-cramps-relief-massage-session-take.html,https://lucknow-massage-spa.github.io/near-me/faq/faq-how-long-does-a-cramps-relief-massage-session-take.html,"index,follow"
FAQ,How Long Can a Deep Tissue Massage Session Take?,faq/faq-how-long-does-a-deep-tissue-massage-session-take.html,https://lucknow-massage-spa.github.io/near-me/faq/faq-how-long-does-a-deep-tissue-massage-session-take.html,"index,follow"
FAQ,How Long Can a Foot Relaxation Massage Session Take?,faq/faq-how-long-does-a-foot-reflexology-session-take.html,https://lucknow-massage-spa.github.io/near-me/faq/faq-how-long-does-a-foot-reflexology-session-take.html,"index,follow"
FAQ,How Long Can a Full Body Relaxation Massage Session Take?,faq/faq-how-long-does-a-full-body-relaxation-massage-session-take.html,https://lucknow-massage-spa.github.io/near-me/faq/faq-how-long-does-a-full-body-relaxation-massage-session-take.html,"index,follow"
FAQ,How Long Can a Head & Neck Relaxation Massage Session Take?,faq/faq-how-long-does-a-head-and-neck-massage-session-take.html,https://lucknow-massage-spa.github.io/near-me/faq/faq-how-long-does-a-head-and-neck-massage-session-take.html,"index,follow"
FAQ,How Long Can a Home Physiotherapy & Mobility Support Session Take?,faq/faq-how-long-does-a-home-physiotherapy-session-take.html,https://lucknow-massage-spa.github.io/near-me/faq/faq-how-long-does-a-home-physiotherapy-session-take.html,"index,follow"
FAQ,How Long Can a Warm Oil Relaxation Massage Session Take?,faq/faq-how-long-does-a-hot-oil-massage-session-take.html,https://lucknow-massage-spa.github.io/near-me/faq/faq-how-long-does-a-hot-oil-massage-session-take.html,"index,follow"
FAQ,How Long Can a Joint-Area Comfort Massage Session Take?,faq/faq-how-long-does-a-joint-pain-therapy-session-take.html,https://lucknow-massage-spa.github.io/near-me/faq/faq-how-long-does-a-joint-pain-therapy-session-take.html,"index,follow"
FAQ,How Long Can a Leg Relaxation Massage Session Take?,faq/faq-how-long-does-a-leg-pain-therapy-session-take.html,https://lucknow-massage-spa.github.io/near-me/faq/faq-how-long-does-a-leg-pain-therapy-session-take.html,"index,follow"
FAQ,How Long Can a Monthly Wellness Plan Session Take?,faq/faq-how-long-does-a-monthly-care-plan-session-take.html,https://lucknow-massage-spa.github.io/near-me/faq/faq-how-long-does-a-monthly-care-plan-session-take.html,"index,follow"
FAQ,How Long Can a Muscle Relaxation Massage Session Take?,faq/faq-how-long-does-a-muscle-relaxation-therapy-session-take.html,https://lucknow-massage-spa.github.io/near-me/faq/faq-how-long-does-a-muscle-relaxation-therapy-session-take.html,"index,follow"
FAQ,How Long Can a Period Comfort Massage Session Take?,faq/faq-how-long-does-a-period-pain-relief-massage-session-take.html,https://lucknow-massage-spa.github.io/near-me/faq/faq-how-long-does-a-period-pain-relief-massage-session-take.html,"index,follow"
FAQ,How Long Can a Postnatal Comfort Massage Session Take?,faq/faq-how-long-does-a-postnatal-massage-session-take.html,https://lucknow-massage-spa.github.io/near-me/faq/faq-how-long-does-a-postnatal-massage-session-take.html,"index,follow"
FAQ,How Long Can a Prenatal Comfort Massage Session Take?,faq/faq-how-long-does-a-prenatal-massage-session-take.html,https://lucknow-massage-spa.github.io/near-me/faq/faq-how-long-does-a-prenatal-massage-session-take.html,"index,follow"
FAQ,How Long Can a Gentle Senior Wellness Massage Session Take?,faq/faq-how-long-does-a-senior-citizen-massage-therapy-session-take.html,https://lucknow-massage-spa.github.io/near-me/faq/faq-how-long-does-a-senior-citizen-massage-therapy-session-take.html,"index,follow"
FAQ,How Long Can a Shoulder & Neck Comfort Massage Session Take?,faq/faq-how-long-does-a-shoulder-and-neck-pain-massage-session-take.html,https://lucknow-massage-spa.github.io/near-me/faq/faq-how-long-does-a-shoulder-and-neck-pain-massage-session-take.html,"index,follow"
FAQ,How Long Can a Back & Posture Relaxation Session Take?,faq/faq-how-long-does-a-spine-alignment-therapy-session-take.html,https://lucknow-massage-spa.github.io/near-me/faq/faq-how-long-does-a-spine-alignment-therapy-session-take.html,"index,follow"
FAQ,How Long Can a Sports Relaxation Massage Session Take?,faq/faq-how-long-does-a-sports-recovery-massage-session-take.html,https://lucknow-massage-spa.github.io/near-me/faq/faq-how-long-does-a-sports-recovery-massage-session-take.html,"index,follow"
FAQ,How Long Can a Calm & Relaxation Massage Session Take?,faq/faq-how-long-does-a-stress-and-mood-relief-therapy-session-take.html,https://lucknow-massage-spa.github.io/near-me/faq/faq-how-long-does-a-stress-and-mood-relief-therapy-session-take.html,"index,follow"
FAQ,How Long Can a Swedish Massage Session Take?,faq/faq-how-long-does-a-swedish-massage-session-take.html,https://lucknow-massage-spa.github.io/near-me/faq/faq-how-long-does-a-swedish-massage-session-take.html,"index,follow"
FAQ,How Long Can a Wellness Massage Package Session Take?,faq/faq-how-long-does-a-wellness-massage-package-session-take.html,https://lucknow-massage-spa.github.io/near-me/faq/faq-how-long-does-a-wellness-massage-package-session-take.html,"index,follow"
FAQ,Is Relaxation Massage Suitable During Period Days?,faq/faq-is-anti-stress-massage-safe-during-periods.html,https://lucknow-massage-spa.github.io/near-me/faq/faq-is-anti-stress-massage-safe-during-periods.html,"index,follow"
FAQ,Is Aromatherapy Massage Suitable During Period Days?,faq/faq-is-aromatherapy-massage-safe-during-periods.html,https://lucknow-massage-spa.github.io/near-me/faq/faq-is-aromatherapy-massage-safe-during-periods.html,"index,follow"
FAQ,Is Back Comfort Massage Suitable During Period Days?,faq/faq-is-back-pain-relief-massage-safe-during-periods.html,https://lucknow-massage-spa.github.io/near-me/faq/faq-is-back-pain-relief-massage-safe-during-periods.html,"index,follow"
FAQ,Is Full Body Comfort Massage Suitable During Period Days?,faq/faq-is-body-pain-relief-massage-safe-during-periods.html,https://lucknow-massage-spa.github.io/near-me/faq/faq-is-body-pain-relief-massage-safe-during-periods.html,"index,follow"
FAQ,Is Gentle Comfort Massage Suitable During Period Days?,faq/faq-is-cramps-relief-massage-safe-during-periods.html,https://lucknow-massage-spa.github.io/near-me/faq/faq-is-cramps-relief-massage-safe-during-periods.html,"index,follow"
FAQ,Is Deep Tissue Massage Suitable During Period Days?,faq/faq-is-deep-tissue-massage-safe-during-periods.html,https://lucknow-massage-spa.github.io/near-me/faq/faq-is-deep-tissue-massage-safe-during-periods.html,"index,follow"
FAQ,Is Foot Relaxation Massage Suitable During Period Days?,faq/faq-is-foot-reflexology-safe-during-periods.html,https://lucknow-massage-spa.github.io/near-me/faq/faq-is-foot-reflexology-safe-during-periods.html,"index,follow"
FAQ,Is Full Body Relaxation Massage Suitable During Period Days?,faq/faq-is-full-body-relaxation-massage-safe-during-periods.html,https://lucknow-massage-spa.github.io/near-me/faq/faq-is-full-body-relaxation-massage-safe-during-periods.html,"index,follow"
FAQ,Is Head & Neck Relaxation Massage Suitable During Period Days?,faq/faq-is-head-and-neck-massage-safe-during-periods.html,https://lucknow-massage-spa.github.io/near-me/faq/faq-is-head-and-neck-massage-safe-during-periods.html,"index,follow"
FAQ,Is Home Physiotherapy & Mobility Support Suitable During Period Days?,faq/faq-is-home-physiotherapy-safe-during-periods.html,https://lucknow-massage-spa.github.io/near-me/faq/faq-is-home-physiotherapy-safe-during-periods.html,"index,follow"
FAQ,Is Warm Oil Relaxation Massage Suitable During Period Days?,faq/faq-is-hot-oil-massage-safe-during-periods.html,https://lucknow-massage-spa.github.io/near-me/faq/faq-is-hot-oil-massage-safe-during-periods.html,"index,follow"
FAQ,Is Joint-Area Comfort Massage Suitable During Period Days?,faq/faq-is-joint-pain-therapy-safe-during-periods.html,https://lucknow-massage-spa.github.io/near-me/faq/faq-is-joint-pain-therapy-safe-during-periods.html,"index,follow"
FAQ,Is Leg Relaxation Massage Suitable During Period Days?,faq/faq-is-leg-pain-therapy-safe-during-periods.html,https://lucknow-massage-spa.github.io/near-me/faq/faq-is-leg-pain-therapy-safe-during-periods.html,"index,follow"
FAQ,Is Monthly Wellness Plan Suitable During Period Days?,faq/faq-is-monthly-care-plan-safe-during-periods.html,https://lucknow-massage-spa.github.io/near-me/faq/faq-is-monthly-care-plan-safe-during-periods.html,"index,follow"
FAQ,Is Muscle Relaxation Massage Suitable During Period Days?,faq/faq-is-muscle-relaxation-therapy-safe-during-periods.html,https://lucknow-massage-spa.github.io/near-me/faq/faq-is-muscle-relaxation-therapy-safe-during-periods.html,"index,follow"
FAQ,Is Period Comfort Massage Suitable During Period Days?,faq/faq-is-period-pain-relief-massage-safe-during-periods.html,https://lucknow-massage-spa.github.io/near-me/faq/faq-is-period-pain-relief-massage-safe-during-periods.html,"index,follow"
FAQ,Is Postnatal Comfort Massage Suitable During Period Days?,faq/faq-is-postnatal-massage-safe-during-periods.html,https://lucknow-massage-spa.github.io/near-me/faq/faq-is-postnatal-massage-safe-during-periods.html,"index,follow"
FAQ,Is Prenatal Comfort Massage Suitable During Period Days?,faq/faq-is-prenatal-massage-safe-during-periods.html,https://lucknow-massage-spa.github.io/near-me/faq/faq-is-prenatal-massage-safe-during-periods.html,"index,follow"
FAQ,Is Gentle Senior Wellness Massage Suitable During Period Days?,faq/faq-is-senior-citizen-massage-therapy-safe-during-periods.html,https://lucknow-massage-spa.github.io/near-me/faq/faq-is-senior-citizen-massage-therapy-safe-during-periods.html,"index,follow"
FAQ,Is Shoulder & Neck Comfort Massage Suitable During Period Days?,faq/faq-is-shoulder-and-neck-pain-massage-safe-during-periods.html,https://lucknow-massage-spa.github.io/near-me/faq/faq-is-shoulder-and-neck-pain-massage-safe-during-periods.html,"index,follow"
FAQ,Is Back & Posture Relaxation Suitable During Period Days?,faq/faq-is-spine-alignment-therapy-safe-during-periods.html,https://lucknow-massage-spa.github.io/near-me/faq/faq-is-spine-alignment-therapy-safe-during-periods.html,"index,follow"
FAQ,Is Sports Relaxation Massage Suitable During Period Days?,faq/faq-is-sports-recovery-massage-safe-during-periods.html,https://lucknow-massage-spa.github.io/near-me/faq/faq-is-sports-recovery-massage-safe-during-periods.html,"index,follow"
FAQ,Is Calm & Relaxation Massage Suitable During Period Days?,faq/faq-is-stress-and-mood-relief-therapy-safe-during-periods.html,https://lucknow-massage-spa.github.io/near-me/faq/faq-is-stress-and-mood-relief-therapy-safe-during-periods.html,"index,follow"
FAQ,Is Swedish Massage Suitable During Period Days?,faq/faq-is-swedish-massage-safe-during-periods.html,https://lucknow-massage-spa.github.io/near-me/faq/faq-is-swedish-massage-safe-during-periods.html,"index,follow"
FAQ,Is Wellness Massage Package Suitable During Period Days?,faq/faq-is-wellness-massage-package-safe-during-periods.html,https://lucknow-massage-spa.github.io/near-me/faq/faq-is-wellness-massage-package-safe-during-periods.html,"index,follow"
FAQ Hub,Massage & Wellness FAQs for Lucknow,faq/index.html,https://lucknow-massage-spa.github.io/near-me/faq/,"index,follow"
Guide,Home Care Guide: Relaxation Massage,guides/guides-home-care-guide-anti-stress-massage.html,https://lucknow-massage-spa.github.io/near-me/guides/guides-home-care-guide-anti-stress-massage.html,"index,follow"
Guide,Home Care Guide: Aromatherapy Massage,guides/guides-home-care-guide-aromatherapy-massage.html,https://lucknow-massage-spa.github.io/near-me/guides/guides-home-care-guide-aromatherapy-massage.html,"index,follow"
Guide,Home Care Guide: Back Comfort Massage,guides/guides-home-care-guide-back-pain-relief-massage.html,https://lucknow-massage-spa.github.io/near-me/guides/guides-home-care-guide-back-pain-relief-massage.html,"index,follow"
Guide,Home Care Guide: Full Body Comfort Massage,guides/guides-home-care-guide-body-pain-relief-massage.html,https://lucknow-massage-spa.github.io/near-me/guides/guides-home-care-guide-body-pain-relief-massage.html,"index,follow"
Guide,Home Care Guide: Gentle Comfort Massage,guides/guides-home-care-guide-cramps-relief-massage.html,https://lucknow-massage-spa.github.io/near-me/guides/guides-home-care-guide-cramps-relief-massage.html,"index,follow"
Guide,Home Care Guide: Deep Tissue Massage,guides/guides-home-care-guide-deep-tissue-massage.html,https://lucknow-massage-spa.github.io/near-me/guides/guides-home-care-guide-deep-tissue-massage.html,"index,follow"
Guide,Home Care Guide: Foot Relaxation Massage,guides/guides-home-care-guide-foot-reflexology.html,https://lucknow-massage-spa.github.io/near-me/guides/guides-home-care-guide-foot-reflexology.html,"index,follow"
Guide,Home Care Guide: Full Body Relaxation Massage,guides/guides-home-care-guide-full-body-relaxation-massage.html,https://lucknow-massage-spa.github.io/near-me/guides/guides-home-care-guide-full-body-relaxation-massage.html,"index,follow"
Guide,Home Care Guide: Head & Neck Relaxation Massage,guides/guides-home-care-guide-head-and-neck-massage.html,https://lucknow-massage-spa.github.io/near-me/guides/guides-home-care-guide-head-and-neck-massage.html,"index,follow"
Guide,Home Care Guide: Home Physiotherapy & Mobility Support,guides/guides-home-care-guide-home-physiotherapy.html,https://lucknow-massage-spa.github.io/near-me/guides/guides-home-care-guide-home-physiotherapy.html,"index,follow"
Guide,Home Care Guide: Warm Oil Relaxation Massage,guides/guides-home-care-guide-hot-oil-massage.html,https://lucknow-massage-spa.github.io/near-me/guides/guides-home-care-guide-hot-oil-massage.html,"index,follow"
Guide,Home Care Guide: Joint-Area Comfort Massage,guides/guides-home-care-guide-joint-pain-therapy.html,https://lucknow-massage-spa.github.io/near-me/guides/guides-home-care-guide-joint-pain-therapy.html,"index,follow"
Guide,Home Care Guide: Leg Relaxation Massage,guides/guides-home-care-guide-leg-pain-therapy.html,https://lucknow-massage-spa.github.io/near-me/guides/guides-home-care-guide-leg-pain-therapy.html,"index,follow"
Guide,Home Care Guide: Monthly Wellness Plan,guides/guides-home-care-guide-monthly-care-plan.html,https://lucknow-massage-spa.github.io/near-me/guides/guides-home-care-guide-monthly-care-plan.html,"index,follow"
Guide,Home Care Guide: Muscle Relaxation Massage,guides/guides-home-care-guide-muscle-relaxation-therapy.html,https://lucknow-massage-spa.github.io/near-me/guides/guides-home-care-guide-muscle-relaxation-therapy.html,"index,follow"
Guide,Home Care Guide: Period Comfort Massage,guides/guides-home-care-guide-period-pain-relief-massage.html,https://lucknow-massage-spa.github.io/near-me/guides/guides-home-care-guide-period-pain-relief-massage.html,"index,follow"
Guide,Home Care Guide: Postnatal Comfort Massage,guides/guides-home-care-guide-postnatal-massage.html,https://lucknow-massage-spa.github.io/near-me/guides/guides-home-care-guide-postnatal-massage.html,"index,follow"
Guide,Home Care Guide: Prenatal Comfort Massage,guides/guides-home-care-guide-prenatal-massage.html,https://lucknow-massage-spa.github.io/near-me/guides/guides-home-care-guide-prenatal-massage.html,"index,follow"
Guide,Home Care Guide: Gentle Senior Wellness Massage,guides/guides-home-care-guide-senior-citizen-massage-therapy.html,https://lucknow-massage-spa.github.io/near-me/guides/guides-home-care-guide-senior-citizen-massage-therapy.html,"index,follow"
Guide,Home Care Guide: Shoulder & Neck Comfort Massage,guides/guides-home-care-guide-shoulder-and-neck-pain-massage.html,https://lucknow-massage-spa.github.io/near-me/guides/guides-home-care-guide-shoulder-and-neck-pain-massage.html,"index,follow"
Guide,Home Care Guide: Back & Posture Relaxation,guides/guides-home-care-guide-spine-alignment-therapy.html,https://lucknow-massage-spa.github.io/near-me/guides/guides-home-care-guide-spine-alignment-therapy.html,"index,follow"
Guide,Home Care Guide: Sports Relaxation Massage,guides/guides-home-care-guide-sports-recovery-massage.html,https://lucknow-massage-spa.github.io/near-me/guides/guides-home-care-guide-sports-recovery-massage.html,"index,follow"
Guide,Home Care Guide: Calm & Relaxation Massage,guides/guides-home-care-guide-stress-and-mood-relief-therapy.html,https://lucknow-massage-spa.github.io/near-me/guides/guides-home-care-guide-stress-and-mood-relief-therapy.html,"index,follow"
Guide,Home Care Guide: Swedish Massage,guides/guides-home-care-guide-swedish-massage.html,https://lucknow-massage-spa.github.io/near-me/guides/guides-home-care-guide-swedish-massage.html,"index,follow"
Guide,Home Care Guide: Wellness Massage Package,guides/guides-home-care-guide-wellness-massage-package.html,https://lucknow-massage-spa.github.io/near-me/guides/guides-home-care-guide-wellness-massage-package.html,"index,follow"
Guide,How to Prepare for a Relaxation Massage Session,guides/guides-how-to-prepare-for-your-anti-stress-massage-session.html,https://lucknow-massage-spa.github.io/near-me/guides/guides-how-to-prepare-for-your-anti-stress-massage-session.html,"index,follow"
Guide,How to Prepare for a Aromatherapy Massage Session,guides/guides-how-to-prepare-for-your-aromatherapy-massage-session.html,https://lucknow-massage-spa.github.io/near-me/guides/guides-how-to-prepare-for-your-aromatherapy-massage-session.html,"index,follow"
Guide,How to Prepare for a Back Comfort Massage Session,guides/guides-how-to-prepare-for-your-back-pain-relief-massage-session.html,https://lucknow-massage-spa.github.io/near-me/guides/guides-how-to-prepare-for-your-back-pain-relief-massage-session.html,"index,follow"
Guide,How to Prepare for a Full Body Comfort Massage Session,guides/guides-how-to-prepare-for-your-body-pain-relief-massage-session.html,https://lucknow-massage-spa.github.io/near-me/guides/guides-how-to-prepare-for-your-body-pain-relief-massage-session.html,"index,follow"
Guide,How to Prepare for a Gentle Comfort Massage Session,guides/guides-how-to-prepare-for-your-cramps-relief-massage-session.html,https://lucknow-massage-spa.github.io/near-me/guides/guides-how-to-prepare-for-your-cramps-relief-massage-session.html,"index,follow"
Guide,How to Prepare for a Deep Tissue Massage Session,guides/guides-how-to-prepare-for-your-deep-tissue-massage-session.html,https://lucknow-massage-spa.github.io/near-me/guides/guides-how-to-prepare-for-your-deep-tissue-massage-session.html,"index,follow"
Guide,How to Prepare for a Foot Relaxation Massage Session,guides/guides-how-to-prepare-for-your-foot-reflexology-session.html,https://lucknow-massage-spa.github.io/near-me/guides/guides-how-to-prepare-for-your-foot-reflexology-session.html,"index,follow"
Guide,How to Prepare for a Full Body Relaxation Massage Session,guides/guides-how-to-prepare-for-your-full-body-relaxation-massage-session.html,https://lucknow-massage-spa.github.io/near-me/guides/guides-how-to-prepare-for-your-full-body-relaxation-massage-session.html,"index,follow"
Guide,How to Prepare for a Head & Neck Relaxation Massage Session,guides/guides-how-to-prepare-for-your-head-and-neck-massage-session.html,https://lucknow-massage-spa.github.io/near-me/guides/guides-how-to-prepare-for-your-head-and-neck-massage-session.html,"index,follow"
Guide,How to Prepare for a Home Physiotherapy & Mobility Support Session,guides/guides-how-to-prepare-for-your-home-physiotherapy-session.html,https://lucknow-massage-spa.github.io/near-me/guides/guides-how-to-prepare-for-your-home-physiotherapy-session.html,"index,follow"
Guide,How to Prepare for a Warm Oil Relaxation Massage Session,guides/guides-how-to-prepare-for-your-hot-oil-massage-session.html,https://lucknow-massage-spa.github.io/near-me/guides/guides-how-to-prepare-for-your-hot-oil-massage-session.html,"index,follow"
Guide,How to Prepare for a Joint-Area Comfort Massage Session,guides/guides-how-to-prepare-for-your-joint-pain-therapy-session.html,https://lucknow-massage-spa.github.io/near-me/guides/guides-how-to-prepare-for-your-joint-pain-therapy-session.html,"index,follow"
Guide,How to Prepare for a Leg Relaxation Massage Session,guides/guides-how-to-prepare-for-your-leg-pain-therapy-session.html,https://lucknow-massage-spa.github.io/near-me/guides/guides-how-to-prepare-for-your-leg-pain-therapy-session.html,"index,follow"
Guide,How to Prepare for a Monthly Wellness Plan Session,guides/guides-how-to-prepare-for-your-monthly-care-plan-session.html,https://lucknow-massage-spa.github.io/near-me/guides/guides-how-to-prepare-for-your-monthly-care-plan-session.html,"index,follow"
Guide,How to Prepare for a Muscle Relaxation Massage Session,guides/guides-how-to-prepare-for-your-muscle-relaxation-therapy-session.html,https://lucknow-massage-spa.github.io/near-me/guides/guides-how-to-prepare-for-your-muscle-relaxation-therapy-session.html,"index,follow"
Guide,How to Prepare for a Period Comfort Massage Session,guides/guides-how-to-prepare-for-your-period-pain-relief-massage-session.html,https://lucknow-massage-spa.github.io/near-me/guides/guides-how-to-prepare-for-your-period-pain-relief-massage-session.html,"index,follow"
Guide,How to Prepare for a Postnatal Comfort Massage Session,guides/guides-how-to-prepare-for-your-postnatal-massage-session.html,https://lucknow-massage-spa.github.io/near-me/guides/guides-how-to-prepare-for-your-postnatal-massage-session.html,"index,follow"
Guide,How to Prepare for a Prenatal Comfort Massage Session,guides/guides-how-to-prepare-for-your-prenatal-massage-session.html,https://lucknow-massage-spa.github.io/near-me/guides/guides-how-to-prepare-for-your-prenatal-massage-session.html,"index,follow"
Guide,How to Prepare for a Gentle Senior Wellness Massage Session,guides/guides-how-to-prepare-for-your-senior-citizen-massage-therapy-session.html,https://lucknow-massage-spa.github.io/near-me/guides/guides-how-to-prepare-for-your-senior-citizen-massage-therapy-session.html,"index,follow"
Guide,How to Prepare for a Shoulder & Neck Comfort Massage Session,guides/guides-how-to-prepare-for-your-shoulder-and-neck-pain-massage-session.html,https://lucknow-massage-spa.github.io/near-me/guides/guides-how-to-prepare-for-your-shoulder-and-neck-pain-massage-session.html,"index,follow"
Guide,How to Prepare for a Back & Posture Relaxation Session,guides/guides-how-to-prepare-for-your-spine-alignment-therapy-session.html,https://lucknow-massage-spa.github.io/near-me/guides/guides-how-to-prepare-for-your-spine-alignment-therapy-session.html,"index,follow"
Guide,How to Prepare for a Sports Relaxation Massage Session,guides/guides-how-to-prepare-for-your-sports-recovery-massage-session.html,https://lucknow-massage-spa.github.io/near-me/guides/guides-how-to-prepare-for-your-sports-recovery-massage-session.html,"index,follow"
Guide,How to Prepare for a Calm & Relaxation Massage Session,guides/guides-how-to-prepare-for-your-stress-and-mood-relief-therapy-session.html,https://lucknow-massage-spa.github.io/near-me/guides/guides-how-to-prepare-for-your-stress-and-mood-relief-therapy-session.html,"index,follow"
Guide,How to Prepare for a Swedish Massage Session,guides/guides-how-to-prepare-for-your-swedish-massage-session.html,https://lucknow-massage-spa.github.io/near-me/guides/guides-how-to-prepare-for-your-swedish-massage-session.html,"index,follow"
Guide,How to Prepare for a Wellness Massage Package Session,guides/guides-how-to-prepare-for-your-wellness-massage-package-session.html,https://lucknow-massage-spa.github.io/near-me/guides/guides-how-to-prepare-for-your-wellness-massage-package-session.html,"index,follow"
Guides Hub,Home Wellness Preparation Guides,guides/index.html,https://lucknow-massage-spa.github.io/near-me/guides/,"index,follow"
Home,Female Wellness Therapist Near Me in Lucknow,index.html,https://lucknow-massage-spa.github.io/near-me/,"index,follow"
Policy,Privacy Policy,legal/privacy-policy.html,https://lucknow-massage-spa.github.io/near-me/legal/privacy-policy.html,"index,follow"
Policy,"Terms, Safety and Service Boundaries",legal/terms.html,https://lucknow-massage-spa.github.io/near-me/legal/terms.html,"index,follow"
Service,Relaxation Massage in Lucknow,services/anti-stress-massage.html,https://lucknow-massage-spa.github.io/near-me/services/anti-stress-massage.html,"index,follow"
Service,Aromatherapy Massage in Lucknow,services/aromatherapy-massage.html,https://lucknow-massage-spa.github.io/near-me/services/aromatherapy-massage.html,"index,follow"
Service,Back Comfort Massage in Lucknow,services/back-pain-relief-massage.html,https://lucknow-massage-spa.github.io/near-me/services/back-pain-relief-massage.html,"index,follow"
Service,Full Body Comfort Massage in Lucknow,services/body-pain-relief-massage.html,https://lucknow-massage-spa.github.io/near-me/services/body-pain-relief-massage.html,"index,follow"
Service,Gentle Comfort Massage in Lucknow,services/cramps-relief-massage.html,https://lucknow-massage-spa.github.io/near-me/services/cramps-relief-massage.html,"index,follow"
Service,Deep Tissue Massage in Lucknow,services/deep-tissue-massage.html,https://lucknow-massage-spa.github.io/near-me/services/deep-tissue-massage.html,"index,follow"
Service,Foot Relaxation Massage in Lucknow,services/foot-reflexology.html,https://lucknow-massage-spa.github.io/near-me/services/foot-reflexology.html,"index,follow"
Service,Full Body Relaxation Massage in Lucknow,services/full-body-relaxation-massage.html,https://lucknow-massage-spa.github.io/near-me/services/full-body-relaxation-massage.html,"index,follow"
Service,Head & Neck Relaxation Massage in Lucknow,services/head-and-neck-massage.html,https://lucknow-massage-spa.github.io/near-me/services/head-and-neck-massage.html,"index,follow"
Service,Home Physiotherapy & Mobility Support in Lucknow,services/home-physiotherapy.html,https://lucknow-massage-spa.github.io/near-me/services/home-physiotherapy.html,"index,follow"
Service,Warm Oil Relaxation Massage in Lucknow,services/hot-oil-massage.html,https://lucknow-massage-spa.github.io/near-me/services/hot-oil-massage.html,"index,follow"
Services Hub,Home Wellness Services in Lucknow,services/index.html,https://lucknow-massage-spa.github.io/near-me/services/,"index,follow"
Service,Joint-Area Comfort Massage in Lucknow,services/joint-pain-therapy.html,https://lucknow-massage-spa.github.io/near-me/services/joint-pain-therapy.html,"index,follow"
Service,Leg Relaxation Massage in Lucknow,services/leg-pain-therapy.html,https://lucknow-massage-spa.github.io/near-me/services/leg-pain-therapy.html,"index,follow"
Service,Monthly Wellness Plan in Lucknow,services/monthly-care-plan.html,https://lucknow-massage-spa.github.io/near-me/services/monthly-care-plan.html,"index,follow"
Service,Muscle Relaxation Massage in Lucknow,services/muscle-relaxation-therapy.html,https://lucknow-massage-spa.github.io/near-me/services/muscle-relaxation-therapy.html,"index,follow"
Service,Period Comfort Massage in Lucknow,services/period-pain-relief-massage.html,https://lucknow-massage-spa.github.io/near-me/services/period-pain-relief-massage.html,"index,follow"
Service,Postnatal Comfort Massage in Lucknow,services/postnatal-massage.html,https://lucknow-massage-spa.github.io/near-me/services/postnatal-massage.html,"index,follow"
Service,Prenatal Comfort Massage in Lucknow,services/prenatal-massage.html,https://lucknow-massage-spa.github.io/near-me/services/prenatal-massage.html,"index,follow"
Service,Gentle Senior Wellness Massage in Lucknow,services/senior-citizen-massage-therapy.html,https://lucknow-massage-spa.github.io/near-me/services/senior-citizen-massage-therapy.html,"index,follow"
Service,Shoulder & Neck Comfort Massage in Lucknow,services/shoulder-and-neck-pain-massage.html,https://lucknow-massage-spa.github.io/near-me/services/shoulder-and-neck-pain-massage.html,"index,follow"
Service,Back & Posture Relaxation in Lucknow,services/spine-alignment-therapy.html,https://lucknow-massage-spa.github.io/near-me/services/spine-alignment-therapy.html,"index,follow"
Service,Sports Relaxation Massage in Lucknow,services/sports-recovery-massage.html,https://lucknow-massage-spa.github.io/near-me/services/sports-recovery-massage.html,"index,follow"
Service,Calm & Relaxation Massage in Lucknow,services/stress-and-mood-relief-therapy.html,https://lucknow-massage-spa.github.io/near-me/services/stress-and-mood-relief-therapy.html,"index,follow"
Service,Swedish Massage in Lucknow,services/swedish-massage.html,https://lucknow-massage-spa.github.io/near-me/services/swedish-massage.html,"index,follow"
Service,Wellness Massage Package in Lucknow,services/wellness-massage-package.html,https://lucknow-massage-spa.github.io/near-me/services/wellness-massage-package.html,"index,follow"
